vendor_id,legal_name,name,vendor_type,region,headquarters_region,primary_category,secondary_category,specialization,registration_date
V0001,Apex Infrastructure 001,Apex Infrastructure 001,PARTNERSHIP,KA-BENGALURU,KA-BENGALURU,MEDICAL_SUPPLIES,LAB_EQUIPMENT,0.664,2019-11-06
V0002,Bharat Infrastructure 002,Bharat Infrastructure 002,COMPANY,KA-BENGALURU,KA-BENGALURU,FURNITURE,BUILDING_CONSTRUCTION,0.614,2018-05-21
V0003,Crest Infrastructure 003,Crest Infrastructure 003,COMPANY,KA-SOUTH,KA-SOUTH,VEHICLE_SUPPLIES,CIVIL_MAINTENANCE,0.908,2023-04-01
V0004,Delta Infrastructure 004,Delta Infrastructure 004,COMPANY,AP-SOUTH,AP-SOUTH,CIVIL_MAINTENANCE,BUILDING_CONSTRUCTION,0.774,2012-10-30
V0005,Eastern Infrastructure 005,Eastern Infrastructure 005,PROPRIETORSHIP,KA-SOUTH,KA-SOUTH,VEHICLE_SUPPLIES,CIVIL_MAINTENANCE,0.843,2020-12-13
V0006,Frontier Infrastructure 006,Frontier Infrastructure 006,PROPRIETORSHIP,KA-SOUTH,KA-SOUTH,CIVIL_MAINTENANCE,ROAD_CONSTRUCTION,0.648,2020-06-30
V0007,Galaxy Infrastructure 007,Galaxy Infrastructure 007,COMPANY,KA-BENGALURU,KA-BENGALURU,FURNITURE,BUILDING_CONSTRUCTION,0.748,2014-03-17
V0008,Horizon Infrastructure 008,Horizon Infrastructure 008,COMPANY,KA-SOUTH,KA-SOUTH,LAB_EQUIPMENT,IT_SERVICES,0.886,2017-10-30
V0009,Indus Infrastructure 009,Indus Infrastructure 009,COMPANY,AP-SOUTH,AP-SOUTH,CIVIL_MAINTENANCE,ROAD_CONSTRUCTION,0.719,2023-12-24
V0010,Jupiter Infrastructure 010,Jupiter Infrastructure 010,PARTNERSHIP,KA-SOUTH,KA-SOUTH,LAB_EQUIPMENT,IT_SERVICES,0.955,2024-01-04
V0011,Kaveri Infrastructure 011,Kaveri Infrastructure 011,COMPANY,KA-BENGALURU,KA-BENGALURU,ELECTRICAL_EQUIPMENT,IT_SERVICES,0.793,2017-06-21
V0012,Lotus Infrastructure 012,Lotus Infrastructure 012,COMPANY,KA-SOUTH,KA-SOUTH,MEDICAL_SUPPLIES,LAB_EQUIPMENT,0.817,2022-07-09
V0013,Metro Infrastructure 013,Metro Infrastructure 013,COMPANY,KA-NORTH,KA-NORTH,ELECTRICAL_EQUIPMENT,CIVIL_MAINTENANCE,0.931,2019-07-23
V0014,National Infrastructure 014,National Infrastructure 014,PROPRIETORSHIP,KA-NORTH,KA-NORTH,FURNITURE,BUILDING_CONSTRUCTION,0.821,2013-05-29
V0015,Omega Infrastructure 015,Omega Infrastructure 015,PARTNERSHIP,KA-NORTH,KA-NORTH,FURNITURE,BUILDING_CONSTRUCTION,0.529,2014-11-23
V0016,Prime Infrastructure 016,Prime Infrastructure 016,COMPANY,KA-SOUTH,KA-SOUTH,FURNITURE,BUILDING_CONSTRUCTION,0.719,2024-12-02
V0017,Quantum Infrastructure 017,Quantum Infrastructure 017,PARTNERSHIP,KA-BENGALURU,KA-BENGALURU,CIVIL_MAINTENANCE,ROAD_CONSTRUCTION,0.736,2020-05-07
V0018,Raven Infrastructure 018,Raven Infrastructure 018,PROPRIETORSHIP,TN-NORTH,TN-NORTH,BUILDING_CONSTRUCTION,CIVIL_MAINTENANCE,0.653,2025-01-11
V0019,Summit Infrastructure 019,Summit Infrastructure 019,PROPRIETORSHIP,KA-SOUTH,KA-SOUTH,WATER_INFRASTRUCTURE,CIVIL_MAINTENANCE,0.753,2013-05-08
V0020,Vertex Infrastructure 020,Vertex Infrastructure 020,COMPANY,KA-NORTH,KA-NORTH,MEDICAL_SUPPLIES,LAB_EQUIPMENT,0.851,2023-03-07
V0021,Apex Engineering 021,Apex Engineering 021,COMPANY,KA-CENTRAL,KA-CENTRAL,CIVIL_MAINTENANCE,ROAD_CONSTRUCTION,0.657,2020-11-13
V0022,Bharat Engineering 022,Bharat Engineering 022,COMPANY,KA-NORTH,KA-NORTH,LAB_EQUIPMENT,MEDICAL_SUPPLIES,0.963,2018-02-22
V0023,Crest Engineering 023,Crest Engineering 023,COMPANY,KA-NORTH,KA-NORTH,BUILDING_CONSTRUCTION,ELECTRICAL_EQUIPMENT,0.906,2023-02-04
V0024,Delta Engineering 024,Delta Engineering 024,COMPANY,TN-NORTH,TN-NORTH,ROAD_CONSTRUCTION,CIVIL_MAINTENANCE,0.606,2021-08-23
V0025,Eastern Engineering 025,Eastern Engineering 025,COMPANY,KA-CENTRAL,KA-CENTRAL,LAB_EQUIPMENT,IT_SERVICES,0.99,2020-10-21
V0026,Frontier Engineering 026,Frontier Engineering 026,COMPANY,KA-BENGALURU,KA-BENGALURU,LAB_EQUIPMENT,IT_SERVICES,0.99,2020-01-22
V0027,Galaxy Engineering 027,Galaxy Engineering 027,PROPRIETORSHIP,AP-SOUTH,AP-SOUTH,BUILDING_CONSTRUCTION,ELECTRICAL_EQUIPMENT,0.735,2017-12-13
V0028,Horizon Engineering 028,Horizon Engineering 028,COMPANY,KA-CENTRAL,KA-CENTRAL,WATER_INFRASTRUCTURE,CIVIL_MAINTENANCE,0.776,2022-10-03
V0029,Indus Engineering 029,Indus Engineering 029,COMPANY,AP-SOUTH,AP-SOUTH,ELECTRICAL_EQUIPMENT,CIVIL_MAINTENANCE,0.854,2015-01-29
V0030,Jupiter Engineering 030,Jupiter Engineering 030,COMPANY,KA-BENGALURU,KA-BENGALURU,IT_SERVICES,LAB_EQUIPMENT,0.846,2023-11-09
V0031,Kaveri Engineering 031,Kaveri Engineering 031,COMPANY,KA-SOUTH,KA-SOUTH,IT_SERVICES,LAB_EQUIPMENT,0.827,2017-09-08
V0032,Lotus Engineering 032,Lotus Engineering 032,COMPANY,KA-SOUTH,KA-SOUTH,VEHICLE_SUPPLIES,CIVIL_MAINTENANCE,0.619,2020-09-04
V0033,Metro Engineering 033,Metro Engineering 033,COMPANY,KA-CENTRAL,KA-CENTRAL,MEDICAL_SUPPLIES,LAB_EQUIPMENT,0.923,2021-10-23
V0034,National Engineering 034,National Engineering 034,COMPANY,KA-CENTRAL,KA-CENTRAL,ELECTRICAL_EQUIPMENT,CIVIL_MAINTENANCE,0.905,2017-01-29
V0035,Omega Engineering 035,Omega Engineering 035,COMPANY,KA-CENTRAL,KA-CENTRAL,IT_SERVICES,LAB_EQUIPMENT,0.892,2015-12-26
V0036,Prime Engineering 036,Prime Engineering 036,PARTNERSHIP,KA-SOUTH,KA-SOUTH,CIVIL_MAINTENANCE,BUILDING_CONSTRUCTION,0.596,2017-07-21
V0037,Quantum Engineering 037,Quantum Engineering 037,COMPANY,AP-SOUTH,AP-SOUTH,ELECTRICAL_EQUIPMENT,IT_SERVICES,0.588,2018-10-26
V0038,Raven Engineering 038,Raven Engineering 038,COMPANY,TN-NORTH,TN-NORTH,FURNITURE,BUILDING_CONSTRUCTION,0.766,2019-08-03
V0039,Summit Engineering 039,Summit Engineering 039,PROPRIETORSHIP,KA-CENTRAL,KA-CENTRAL,BUILDING_CONSTRUCTION,CIVIL_MAINTENANCE,0.901,2017-07-10
V0040,Vertex Engineering 040,Vertex Engineering 040,COMPANY,AP-SOUTH,AP-SOUTH,IT_SERVICES,ELECTRICAL_EQUIPMENT,0.876,2012-08-23
V0041,Apex Enterprises 041,Apex Enterprises 041,PARTNERSHIP,AP-SOUTH,AP-SOUTH,LAB_EQUIPMENT,MEDICAL_SUPPLIES,0.98,2016-10-22
V0042,Bharat Enterprises 042,Bharat Enterprises 042,COMPANY,TN-NORTH,TN-NORTH,IT_SERVICES,LAB_EQUIPMENT,0.765,2021-04-04
V0043,Crest Enterprises 043,Crest Enterprises 043,COMPANY,KA-SOUTH,KA-SOUTH,LAB_EQUIPMENT,MEDICAL_SUPPLIES,0.774,2012-12-27
V0044,Delta Enterprises 044,Delta Enterprises 044,PARTNERSHIP,TN-NORTH,TN-NORTH,WATER_INFRASTRUCTURE,ROAD_CONSTRUCTION,0.756,2018-07-30
V0045,Eastern Enterprises 045,Eastern Enterprises 045,COMPANY,KA-SOUTH,KA-SOUTH,CIVIL_MAINTENANCE,ROAD_CONSTRUCTION,0.694,2018-09-26
V0046,Frontier Enterprises 046,Frontier Enterprises 046,COMPANY,KA-NORTH,KA-NORTH,CIVIL_MAINTENANCE,BUILDING_CONSTRUCTION,0.697,2021-06-02
V0047,Galaxy Enterprises 047,Galaxy Enterprises 047,COMPANY,KA-SOUTH,KA-SOUTH,ELECTRICAL_EQUIPMENT,CIVIL_MAINTENANCE,0.921,2013-10-13
V0048,Horizon Enterprises 048,Horizon Enterprises 048,COMPANY,KA-SOUTH,KA-SOUTH,ELECTRICAL_EQUIPMENT,CIVIL_MAINTENANCE,0.65,2022-05-01
V0049,Indus Enterprises 049,Indus Enterprises 049,COMPANY,KA-BENGALURU,KA-BENGALURU,LAB_EQUIPMENT,MEDICAL_SUPPLIES,0.961,2012-05-22
V0050,Jupiter Enterprises 050,Jupiter Enterprises 050,COMPANY,KA-BENGALURU,KA-BENGALURU,LAB_EQUIPMENT,IT_SERVICES,0.99,2012-05-19
V0051,Kaveri Enterprises 051,Kaveri Enterprises 051,COMPANY,TN-NORTH,TN-NORTH,VEHICLE_SUPPLIES,CIVIL_MAINTENANCE,0.806,2016-10-28
V0052,Lotus Enterprises 052,Lotus Enterprises 052,COMPANY,KA-BENGALURU,KA-BENGALURU,ROAD_CONSTRUCTION,WATER_INFRASTRUCTURE,0.806,2012-12-17
V0053,Metro Enterprises 053,Metro Enterprises 053,PARTNERSHIP,KA-NORTH,KA-NORTH,CIVIL_MAINTENANCE,BUILDING_CONSTRUCTION,0.605,2020-04-24
V0054,National Enterprises 054,National Enterprises 054,COMPANY,KA-CENTRAL,KA-CENTRAL,WATER_INFRASTRUCTURE,ROAD_CONSTRUCTION,0.847,2013-10-26
V0055,Omega Enterprises 055,Omega Enterprises 055,COMPANY,KA-SOUTH,KA-SOUTH,CIVIL_MAINTENANCE,BUILDING_CONSTRUCTION,0.718,2016-12-14
V0056,Prime Enterprises 056,Prime Enterprises 056,COMPANY,KA-BENGALURU,KA-BENGALURU,ELECTRICAL_EQUIPMENT,IT_SERVICES,0.743,2020-04-18
V0057,Quantum Enterprises 057,Quantum Enterprises 057,PARTNERSHIP,AP-SOUTH,AP-SOUTH,CIVIL_MAINTENANCE,ROAD_CONSTRUCTION,0.654,2013-04-18
V0058,Raven Enterprises 058,Raven Enterprises 058,COMPANY,KA-BENGALURU,KA-BENGALURU,MEDICAL_SUPPLIES,LAB_EQUIPMENT,0.846,2022-01-07
V0059,Summit Enterprises 059,Summit Enterprises 059,COMPANY,TN-NORTH,TN-NORTH,BUILDING_CONSTRUCTION,CIVIL_MAINTENANCE,0.774,2013-09-13
V0060,Vertex Enterprises 060,Vertex Enterprises 060,PARTNERSHIP,KA-SOUTH,KA-SOUTH,CIVIL_MAINTENANCE,BUILDING_CONSTRUCTION,0.753,2019-03-28
V0061,Apex Solutions 061,Apex Solutions 061,COMPANY,KA-BENGALURU,KA-BENGALURU,MEDICAL_SUPPLIES,LAB_EQUIPMENT,0.746,2014-05-22
V0062,Bharat Solutions 062,Bharat Solutions 062,PARTNERSHIP,KA-SOUTH,KA-SOUTH,BUILDING_CONSTRUCTION,ELECTRICAL_EQUIPMENT,0.695,2024-01-26
V0063,Crest Solutions 063,Crest Solutions 063,COMPANY,KA-BENGALURU,KA-BENGALURU,BUILDING_CONSTRUCTION,ELECTRICAL_EQUIPMENT,0.69,2025-01-21
V0064,Delta Solutions 064,Delta Solutions 064,PROPRIETORSHIP,KA-NORTH,KA-NORTH,CIVIL_MAINTENANCE,ROAD_CONSTRUCTION,0.846,2012-05-11
V0065,Eastern Solutions 065,Eastern Solutions 065,COMPANY,TN-NORTH,TN-NORTH,VEHICLE_SUPPLIES,CIVIL_MAINTENANCE,0.784,2012-07-02
V0066,Frontier Solutions 066,Frontier Solutions 066,PARTNERSHIP,KA-SOUTH,KA-SOUTH,FURNITURE,BUILDING_CONSTRUCTION,0.682,2014-06-26
V0067,Galaxy Solutions 067,Galaxy Solutions 067,PROPRIETORSHIP,KA-SOUTH,KA-SOUTH,CIVIL_MAINTENANCE,ROAD_CONSTRUCTION,0.632,2023-07-28
V0068,Horizon Solutions 068,Horizon Solutions 068,COMPANY,KA-BENGALURU,KA-BENGALURU,ELECTRICAL_EQUIPMENT,CIVIL_MAINTENANCE,0.695,2018-03-19
V0069,Indus Solutions 069,Indus Solutions 069,COMPANY,KA-BENGALURU,KA-BENGALURU,CIVIL_MAINTENANCE,ROAD_CONSTRUCTION,0.728,2020-12-31
V0070,Jupiter Solutions 070,Jupiter Solutions 070,PROPRIETORSHIP,KA-BENGALURU,KA-BENGALURU,LAB_EQUIPMENT,IT_SERVICES,0.98,2017-08-24
V0071,Kaveri Solutions 071,Kaveri Solutions 071,PROPRIETORSHIP,KA-BENGALURU,KA-BENGALURU,ELECTRICAL_EQUIPMENT,CIVIL_MAINTENANCE,0.774,2012-11-06
V0072,Lotus Solutions 072,Lotus Solutions 072,PROPRIETORSHIP,KA-NORTH,KA-NORTH,LAB_EQUIPMENT,MEDICAL_SUPPLIES,0.99,2013-06-24
V0073,Metro Solutions 073,Metro Solutions 073,COMPANY,AP-SOUTH,AP-SOUTH,FURNITURE,BUILDING_CONSTRUCTION,0.847,2021-03-11
V0074,National Solutions 074,National Solutions 074,COMPANY,KA-BENGALURU,KA-BENGALURU,ROAD_CONSTRUCTION,WATER_INFRASTRUCTURE,0.567,2022-09-18
V0075,Omega Solutions 075,Omega Solutions 075,COMPANY,KA-SOUTH,KA-SOUTH,ROAD_CONSTRUCTION,WATER_INFRASTRUCTURE,0.595,2022-07-14
V0076,Prime Solutions 076,Prime Solutions 076,COMPANY,KA-SOUTH,KA-SOUTH,BUILDING_CONSTRUCTION,ELECTRICAL_EQUIPMENT,0.711,2020-04-11
V0077,Quantum Solutions 077,Quantum Solutions 077,PROPRIETORSHIP,KA-SOUTH,KA-SOUTH,MEDICAL_SUPPLIES,LAB_EQUIPMENT,0.827,2024-03-29
V0078,Raven Solutions 078,Raven Solutions 078,PARTNERSHIP,KA-SOUTH,KA-SOUTH,ROAD_CONSTRUCTION,WATER_INFRASTRUCTURE,0.712,2019-04-29
V0079,Summit Solutions 079,Summit Solutions 079,PARTNERSHIP,KA-SOUTH,KA-SOUTH,ELECTRICAL_EQUIPMENT,IT_SERVICES,0.825,2015-02-02
V0080,Vertex Solutions 080,Vertex Solutions 080,PARTNERSHIP,KA-BENGALURU,KA-BENGALURU,ELECTRICAL_EQUIPMENT,CIVIL_MAINTENANCE,0.884,2012-09-18
V0081,Apex Industries 081,Apex Industries 081,PROPRIETORSHIP,KA-NORTH,KA-NORTH,ROAD_CONSTRUCTION,CIVIL_MAINTENANCE,0.661,2018-05-06
V0082,Bharat Industries 082,Bharat Industries 082,COMPANY,KA-BENGALURU,KA-BENGALURU,FURNITURE,BUILDING_CONSTRUCTION,0.632,2016-03-21
V0083,Crest Industries 083,Crest Industries 083,COMPANY,KA-SOUTH,KA-SOUTH,MEDICAL_SUPPLIES,LAB_EQUIPMENT,0.962,2021-06-21
V0084,Delta Industries 084,Delta Industries 084,PROPRIETORSHIP,KA-BENGALURU,KA-BENGALURU,BUILDING_CONSTRUCTION,CIVIL_MAINTENANCE,0.613,2012-03-18
V0085,Eastern Industries 085,Eastern Industries 085,COMPANY,KA-SOUTH,KA-SOUTH,LAB_EQUIPMENT,IT_SERVICES,0.909,2019-10-23
V0086,Frontier Industries 086,Frontier Industries 086,PROPRIETORSHIP,KA-NORTH,KA-NORTH,IT_SERVICES,LAB_EQUIPMENT,0.858,2014-01-02
V0087,Galaxy Industries 087,Galaxy Industries 087,COMPANY,KA-SOUTH,KA-SOUTH,IT_SERVICES,LAB_EQUIPMENT,0.8,2024-12-18
V0088,Horizon Industries 088,Horizon Industries 088,COMPANY,KA-BENGALURU,KA-BENGALURU,WATER_INFRASTRUCTURE,CIVIL_MAINTENANCE,0.884,2024-05-27
V0089,Indus Industries 089,Indus Industries 089,COMPANY,TN-NORTH,TN-NORTH,ROAD_CONSTRUCTION,CIVIL_MAINTENANCE,0.66,2017-07-29
V0090,Jupiter Industries 090,Jupiter Industries 090,PARTNERSHIP,AP-SOUTH,AP-SOUTH,MEDICAL_SUPPLIES,LAB_EQUIPMENT,0.846,2018-07-03
V0091,Kaveri Industries 091,Kaveri Industries 091,COMPANY,KA-SOUTH,KA-SOUTH,ROAD_CONSTRUCTION,WATER_INFRASTRUCTURE,0.7,2019-01-01
V0092,Lotus Industries 092,Lotus Industries 092,PROPRIETORSHIP,KA-SOUTH,KA-SOUTH,FURNITURE,BUILDING_CONSTRUCTION,0.566,2014-07-29
V0093,Metro Industries 093,Metro Industries 093,PARTNERSHIP,TN-NORTH,TN-NORTH,FURNITURE,BUILDING_CONSTRUCTION,0.813,2022-12-07
V0094,National Industries 094,National Industries 094,COMPANY,KA-NORTH,KA-NORTH,ROAD_CONSTRUCTION,CIVIL_MAINTENANCE,0.643,2012-09-05
V0095,Omega Industries 095,Omega Industries 095,COMPANY,TN-NORTH,TN-NORTH,ROAD_CONSTRUCTION,CIVIL_MAINTENANCE,0.617,2016-02-29
V0096,Prime Industries 096,Prime Industries 096,COMPANY,AP-SOUTH,AP-SOUTH,MEDICAL_SUPPLIES,LAB_EQUIPMENT,0.722,2017-11-03
V0097,Quantum Industries 097,Quantum Industries 097,PARTNERSHIP,TN-NORTH,TN-NORTH,BUILDING_CONSTRUCTION,CIVIL_MAINTENANCE,0.691,2018-05-08
V0098,Raven Industries 098,Raven Industries 098,COMPANY,KA-BENGALURU,KA-BENGALURU,IT_SERVICES,ELECTRICAL_EQUIPMENT,0.758,2014-01-24
V0099,Summit Industries 099,Summit Industries 099,COMPANY,KA-NORTH,KA-NORTH,ROAD_CONSTRUCTION,CIVIL_MAINTENANCE,0.633,2023-05-18
V0100,Vertex Industries 100,Vertex Industries 100,COMPANY,KA-BENGALURU,KA-BENGALURU,ROAD_CONSTRUCTION,WATER_INFRASTRUCTURE,0.691,2023-10-20
V0101,Apex Systems 101,Apex Systems 101,COMPANY,KA-CENTRAL,KA-CENTRAL,IT_SERVICES,LAB_EQUIPMENT,0.752,2021-11-08
V0102,Bharat Systems 102,Bharat Systems 102,COMPANY,KA-SOUTH,KA-SOUTH,ELECTRICAL_EQUIPMENT,CIVIL_MAINTENANCE,0.637,2019-04-30
V0103,Crest Systems 103,Crest Systems 103,COMPANY,KA-SOUTH,KA-SOUTH,BUILDING_CONSTRUCTION,ELECTRICAL_EQUIPMENT,0.649,2021-04-01
V0104,Delta Systems 104,Delta Systems 104,COMPANY,KA-SOUTH,KA-SOUTH,MEDICAL_SUPPLIES,LAB_EQUIPMENT,0.688,2024-06-06
V0105,Eastern Systems 105,Eastern Systems 105,COMPANY,KA-CENTRAL,KA-CENTRAL,ELECTRICAL_EQUIPMENT,IT_SERVICES,0.689,2021-02-17
V0106,Frontier Systems 106,Frontier Systems 106,COMPANY,TN-NORTH,TN-NORTH,MEDICAL_SUPPLIES,LAB_EQUIPMENT,0.738,2012-12-26
V0107,Galaxy Systems 107,Galaxy Systems 107,COMPANY,KA-NORTH,KA-NORTH,BUILDING_CONSTRUCTION,CIVIL_MAINTENANCE,0.653,2014-06-06
V0108,Horizon Systems 108,Horizon Systems 108,COMPANY,KA-BENGALURU,KA-BENGALURU,IT_SERVICES,ELECTRICAL_EQUIPMENT,0.698,2017-10-24
V0109,Indus Systems 109,Indus Systems 109,PARTNERSHIP,KA-BENGALURU,KA-BENGALURU,WATER_INFRASTRUCTURE,CIVIL_MAINTENANCE,0.646,2016-06-22
V0110,Jupiter Systems 110,Jupiter Systems 110,COMPANY,KA-BENGALURU,KA-BENGALURU,CIVIL_MAINTENANCE,ROAD_CONSTRUCTION,0.691,2018-11-24
V0111,Kaveri Systems 111,Kaveri Systems 111,PARTNERSHIP,KA-BENGALURU,KA-BENGALURU,ELECTRICAL_EQUIPMENT,CIVIL_MAINTENANCE,0.677,2024-01-21
V0112,Lotus Systems 112,Lotus Systems 112,COMPANY,KA-SOUTH,KA-SOUTH,VEHICLE_SUPPLIES,CIVIL_MAINTENANCE,0.746,2020-03-21
V0113,Metro Systems 113,Metro Systems 113,COMPANY,KA-NORTH,KA-NORTH,LAB_EQUIPMENT,IT_SERVICES,0.99,2016-07-02
V0114,National Systems 114,National Systems 114,PARTNERSHIP,KA-BENGALURU,KA-BENGALURU,WATER_INFRASTRUCTURE,ROAD_CONSTRUCTION,0.709,2021-02-14
V0115,Omega Systems 115,Omega Systems 115,PROPRIETORSHIP,KA-NORTH,KA-NORTH,VEHICLE_SUPPLIES,CIVIL_MAINTENANCE,0.757,2016-09-11
V0116,Prime Systems 116,Prime Systems 116,COMPANY,KA-SOUTH,KA-SOUTH,ROAD_CONSTRUCTION,CIVIL_MAINTENANCE,0.572,2018-09-13
V0117,Quantum Systems 117,Quantum Systems 117,COMPANY,KA-NORTH,KA-NORTH,BUILDING_CONSTRUCTION,CIVIL_MAINTENANCE,0.693,2024-04-04
V0118,Raven Systems 118,Raven Systems 118,COMPANY,AP-SOUTH,AP-SOUTH,CIVIL_MAINTENANCE,ROAD_CONSTRUCTION,0.632,2013-08-04
V0119,Summit Systems 119,Summit Systems 119,COMPANY,KA-SOUTH,KA-SOUTH,LAB_EQUIPMENT,MEDICAL_SUPPLIES,0.99,2024-11-03
V0120,Vertex Systems 120,Vertex Systems 120,PARTNERSHIP,KA-CENTRAL,KA-CENTRAL,ROAD_CONSTRUCTION,WATER_INFRASTRUCTURE,0.737,2022-06-24
V0121,Apex Projects 121,Apex Projects 121,PROPRIETORSHIP,KA-NORTH,KA-NORTH,ROAD_CONSTRUCTION,CIVIL_MAINTENANCE,0.782,2022-01-06
V0122,Bharat Projects 122,Bharat Projects 122,COMPANY,TN-NORTH,TN-NORTH,FURNITURE,BUILDING_CONSTRUCTION,0.687,2013-01-08
V0123,Crest Projects 123,Crest Projects 123,COMPANY,KA-NORTH,KA-NORTH,FURNITURE,BUILDING_CONSTRUCTION,0.735,2015-01-12
V0124,Delta Projects 124,Delta Projects 124,COMPANY,TN-NORTH,TN-NORTH,IT_SERVICES,ELECTRICAL_EQUIPMENT,0.602,2017-08-30
V0125,Eastern Projects 125,Eastern Projects 125,COMPANY,TN-NORTH,TN-NORTH,CIVIL_MAINTENANCE,ROAD_CONSTRUCTION,0.761,2016-07-10
V0126,Frontier Projects 126,Frontier Projects 126,COMPANY,AP-SOUTH,AP-SOUTH,WATER_INFRASTRUCTURE,CIVIL_MAINTENANCE,0.77,2014-12-02
V0127,Galaxy Projects 127,Galaxy Projects 127,COMPANY,KA-NORTH,KA-NORTH,FURNITURE,BUILDING_CONSTRUCTION,0.752,2021-06-04
V0128,Horizon Projects 128,Horizon Projects 128,COMPANY,TN-NORTH,TN-NORTH,CIVIL_MAINTENANCE,ROAD_CONSTRUCTION,0.616,2024-03-04
V0129,Indus Projects 129,Indus Projects 129,PARTNERSHIP,KA-SOUTH,KA-SOUTH,ELECTRICAL_EQUIPMENT,IT_SERVICES,0.885,2019-11-03
V0130,Jupiter Projects 130,Jupiter Projects 130,COMPANY,AP-SOUTH,AP-SOUTH,CIVIL_MAINTENANCE,ROAD_CONSTRUCTION,0.77,2020-08-01
V0131,Kaveri Projects 131,Kaveri Projects 131,COMPANY,KA-NORTH,KA-NORTH,CIVIL_MAINTENANCE,BUILDING_CONSTRUCTION,0.588,2017-10-10
V0132,Lotus Projects 132,Lotus Projects 132,PARTNERSHIP,KA-CENTRAL,KA-CENTRAL,FURNITURE,BUILDING_CONSTRUCTION,0.744,2018-06-30
V0133,Metro Projects 133,Metro Projects 133,COMPANY,KA-NORTH,KA-NORTH,WATER_INFRASTRUCTURE,ROAD_CONSTRUCTION,0.71,2020-09-05
V0134,National Projects 134,National Projects 134,COMPANY,KA-BENGALURU,KA-BENGALURU,IT_SERVICES,LAB_EQUIPMENT,0.816,2016-04-09
V0135,Omega Projects 135,Omega Projects 135,PROPRIETORSHIP,KA-NORTH,KA-NORTH,CIVIL_MAINTENANCE,BUILDING_CONSTRUCTION,0.662,2012-12-11
V0136,Prime Projects 136,Prime Projects 136,COMPANY,KA-NORTH,KA-NORTH,MEDICAL_SUPPLIES,LAB_EQUIPMENT,0.786,2013-09-08
V0137,Quantum Projects 137,Quantum Projects 137,COMPANY,KA-BENGALURU,KA-BENGALURU,CIVIL_MAINTENANCE,ROAD_CONSTRUCTION,0.719,2019-12-01
V0138,Raven Projects 138,Raven Projects 138,COMPANY,KA-SOUTH,KA-SOUTH,BUILDING_CONSTRUCTION,ELECTRICAL_EQUIPMENT,0.685,2023-02-17
V0139,Summit Projects 139,Summit Projects 139,COMPANY,KA-SOUTH,KA-SOUTH,ELECTRICAL_EQUIPMENT,IT_SERVICES,0.711,2016-05-08
V0140,Vertex Projects 140,Vertex Projects 140,PARTNERSHIP,KA-BENGALURU,KA-BENGALURU,IT_SERVICES,LAB_EQUIPMENT,0.795,2018-08-16
V0141,Apex Services 141,Apex Services 141,PARTNERSHIP,KA-NORTH,KA-NORTH,LAB_EQUIPMENT,MEDICAL_SUPPLIES,0.853,2024-07-05
V0142,Bharat Services 142,Bharat Services 142,PROPRIETORSHIP,KA-BENGALURU,KA-BENGALURU,VEHICLE_SUPPLIES,CIVIL_MAINTENANCE,0.804,2024-06-12
V0143,Crest Services 143,Crest Services 143,COMPANY,KA-BENGALURU,KA-BENGALURU,WATER_INFRASTRUCTURE,CIVIL_MAINTENANCE,0.709,2021-01-13
V0144,Delta Services 144,Delta Services 144,COMPANY,KA-CENTRAL,KA-CENTRAL,LAB_EQUIPMENT,IT_SERVICES,0.99,2017-05-07
V0145,Eastern Services 145,Eastern Services 145,COMPANY,KA-NORTH,KA-NORTH,VEHICLE_SUPPLIES,CIVIL_MAINTENANCE,0.595,2016-04-19
V0146,Frontier Services 146,Frontier Services 146,PROPRIETORSHIP,KA-BENGALURU,KA-BENGALURU,IT_SERVICES,LAB_EQUIPMENT,0.928,2023-03-16
V0147,Galaxy Services 147,Galaxy Services 147,PARTNERSHIP,AP-SOUTH,AP-SOUTH,MEDICAL_SUPPLIES,LAB_EQUIPMENT,0.889,2017-09-28
V0148,Horizon Services 148,Horizon Services 148,COMPANY,KA-BENGALURU,KA-BENGALURU,MEDICAL_SUPPLIES,LAB_EQUIPMENT,0.953,2012-06-19
V0149,Indus Services 149,Indus Services 149,COMPANY,AP-SOUTH,AP-SOUTH,MEDICAL_SUPPLIES,LAB_EQUIPMENT,0.846,2018-04-21
V0150,Jupiter Services 150,Jupiter Services 150,COMPANY,AP-SOUTH,AP-SOUTH,BUILDING_CONSTRUCTION,CIVIL_MAINTENANCE,0.766,2013-12-11
V0151,Kaveri Services 151,Kaveri Services 151,COMPANY,KA-BENGALURU,KA-BENGALURU,FURNITURE,BUILDING_CONSTRUCTION,0.552,2022-04-07
V0152,Lotus Services 152,Lotus Services 152,COMPANY,KA-CENTRAL,KA-CENTRAL,IT_SERVICES,LAB_EQUIPMENT,0.783,2018-01-28
V0153,Metro Services 153,Metro Services 153,PROPRIETORSHIP,KA-NORTH,KA-NORTH,WATER_INFRASTRUCTURE,ROAD_CONSTRUCTION,0.764,2013-07-22
V0154,National Services 154,National Services 154,PROPRIETORSHIP,KA-NORTH,KA-NORTH,BUILDING_CONSTRUCTION,CIVIL_MAINTENANCE,0.628,2014-03-17
V0155,Omega Services 155,Omega Services 155,COMPANY,KA-BENGALURU,KA-BENGALURU,ELECTRICAL_EQUIPMENT,IT_SERVICES,0.676,2014-05-23
V0156,Prime Services 156,Prime Services 156,COMPANY,AP-SOUTH,AP-SOUTH,WATER_INFRASTRUCTURE,CIVIL_MAINTENANCE,0.671,2020-01-14
V0157,Quantum Services 157,Quantum Services 157,COMPANY,KA-CENTRAL,KA-CENTRAL,ROAD_CONSTRUCTION,WATER_INFRASTRUCTURE,0.614,2016-06-29
V0158,Raven Services 158,Raven Services 158,PROPRIETORSHIP,AP-SOUTH,AP-SOUTH,VEHICLE_SUPPLIES,CIVIL_MAINTENANCE,0.916,2023-07-12
V0159,Summit Services 159,Summit Services 159,COMPANY,KA-SOUTH,KA-SOUTH,WATER_INFRASTRUCTURE,ROAD_CONSTRUCTION,0.705,2022-09-01
V0160,Vertex Services 160,Vertex Services 160,PARTNERSHIP,KA-SOUTH,KA-SOUTH,VEHICLE_SUPPLIES,CIVIL_MAINTENANCE,0.646,2023-02-11
V0161,Apex Infrastructure 161,Apex Infrastructure 161,COMPANY,KA-SOUTH,KA-SOUTH,VEHICLE_SUPPLIES,CIVIL_MAINTENANCE,0.766,2012-11-15
V0162,Bharat Infrastructure 162,Bharat Infrastructure 162,PROPRIETORSHIP,KA-BENGALURU,KA-BENGALURU,ELECTRICAL_EQUIPMENT,CIVIL_MAINTENANCE,0.778,2015-07-08
V0163,Crest Infrastructure 163,Crest Infrastructure 163,PROPRIETORSHIP,TN-NORTH,TN-NORTH,ROAD_CONSTRUCTION,CIVIL_MAINTENANCE,0.648,2017-05-27
V0164,Delta Infrastructure 164,Delta Infrastructure 164,COMPANY,KA-BENGALURU,KA-BENGALURU,MEDICAL_SUPPLIES,LAB_EQUIPMENT,0.783,2013-11-15
V0165,Eastern Infrastructure 165,Eastern Infrastructure 165,COMPANY,KA-BENGALURU,KA-BENGALURU,LAB_EQUIPMENT,MEDICAL_SUPPLIES,0.886,2019-10-07
V0166,Frontier Infrastructure 166,Frontier Infrastructure 166,COMPANY,AP-SOUTH,AP-SOUTH,BUILDING_CONSTRUCTION,CIVIL_MAINTENANCE,0.785,2022-07-18
V0167,Galaxy Infrastructure 167,Galaxy Infrastructure 167,PROPRIETORSHIP,AP-SOUTH,AP-SOUTH,CIVIL_MAINTENANCE,ROAD_CONSTRUCTION,0.7,2024-01-25
V0168,Horizon Infrastructure 168,Horizon Infrastructure 168,COMPANY,AP-SOUTH,AP-SOUTH,LAB_EQUIPMENT,MEDICAL_SUPPLIES,0.931,2018-07-02
V0169,Indus Infrastructure 169,Indus Infrastructure 169,PROPRIETORSHIP,KA-SOUTH,KA-SOUTH,VEHICLE_SUPPLIES,CIVIL_MAINTENANCE,0.808,2016-11-30
V0170,Jupiter Infrastructure 170,Jupiter Infrastructure 170,PROPRIETORSHIP,KA-SOUTH,KA-SOUTH,IT_SERVICES,LAB_EQUIPMENT,0.678,2013-02-13
V0171,Kaveri Infrastructure 171,Kaveri Infrastructure 171,PARTNERSHIP,KA-BENGALURU,KA-BENGALURU,LAB_EQUIPMENT,IT_SERVICES,0.878,2013-01-30
V0172,Lotus Infrastructure 172,Lotus Infrastructure 172,COMPANY,KA-CENTRAL,KA-CENTRAL,ROAD_CONSTRUCTION,WATER_INFRASTRUCTURE,0.846,2024-02-05
V0173,Metro Infrastructure 173,Metro Infrastructure 173,COMPANY,KA-BENGALURU,KA-BENGALURU,ELECTRICAL_EQUIPMENT,CIVIL_MAINTENANCE,0.696,2015-12-25
V0174,National Infrastructure 174,National Infrastructure 174,COMPANY,KA-SOUTH,KA-SOUTH,ELECTRICAL_EQUIPMENT,IT_SERVICES,0.755,2016-12-23
V0175,Omega Infrastructure 175,Omega Infrastructure 175,COMPANY,KA-SOUTH,KA-SOUTH,IT_SERVICES,LAB_EQUIPMENT,0.884,2014-06-03
V0176,Prime Infrastructure 176,Prime Infrastructure 176,COMPANY,KA-NORTH,KA-NORTH,BUILDING_CONSTRUCTION,ELECTRICAL_EQUIPMENT,0.714,2022-10-31
V0177,Quantum Infrastructure 177,Quantum Infrastructure 177,PARTNERSHIP,KA-SOUTH,KA-SOUTH,IT_SERVICES,ELECTRICAL_EQUIPMENT,0.725,2021-04-02
V0178,Raven Infrastructure 178,Raven Infrastructure 178,PROPRIETORSHIP,KA-NORTH,KA-NORTH,ELECTRICAL_EQUIPMENT,IT_SERVICES,0.819,2020-04-19
V0179,Summit Infrastructure 179,Summit Infrastructure 179,PARTNERSHIP,KA-BENGALURU,KA-BENGALURU,ELECTRICAL_EQUIPMENT,CIVIL_MAINTENANCE,0.81,2022-09-16
V0180,Vertex Infrastructure 180,Vertex Infrastructure 180,COMPANY,KA-NORTH,KA-NORTH,VEHICLE_SUPPLIES,CIVIL_MAINTENANCE,0.738,2018-06-11
V0181,Apex Engineering 181,Apex Engineering 181,COMPANY,KA-BENGALURU,KA-BENGALURU,IT_SERVICES,LAB_EQUIPMENT,0.931,2018-05-07
V0182,Bharat Engineering 182,Bharat Engineering 182,COMPANY,KA-CENTRAL,KA-CENTRAL,WATER_INFRASTRUCTURE,CIVIL_MAINTENANCE,0.782,2015-03-06
V0183,Crest Engineering 183,Crest Engineering 183,COMPANY,AP-SOUTH,AP-SOUTH,CIVIL_MAINTENANCE,ROAD_CONSTRUCTION,0.603,2018-06-27
V0184,Delta Engineering 184,Delta Engineering 184,COMPANY,KA-NORTH,KA-NORTH,LAB_EQUIPMENT,IT_SERVICES,0.99,2022-07-25
V0185,Eastern Engineering 185,Eastern Engineering 185,COMPANY,KA-SOUTH,KA-SOUTH,WATER_INFRASTRUCTURE,CIVIL_MAINTENANCE,0.758,2020-10-11
V0186,Frontier Engineering 186,Frontier Engineering 186,COMPANY,KA-BENGALURU,KA-BENGALURU,BUILDING_CONSTRUCTION,CIVIL_MAINTENANCE,0.862,2024-06-08
V0187,Galaxy Engineering 187,Galaxy Engineering 187,COMPANY,KA-NORTH,KA-NORTH,WATER_INFRASTRUCTURE,CIVIL_MAINTENANCE,0.853,2013-10-24
V0188,Horizon Engineering 188,Horizon Engineering 188,PROPRIETORSHIP,KA-NORTH,KA-NORTH,BUILDING_CONSTRUCTION,CIVIL_MAINTENANCE,0.805,2014-09-02
V0189,Indus Engineering 189,Indus Engineering 189,PROPRIETORSHIP,KA-SOUTH,KA-SOUTH,VEHICLE_SUPPLIES,CIVIL_MAINTENANCE,0.7,2012-12-24
V0190,Jupiter Engineering 190,Jupiter Engineering 190,COMPANY,TN-NORTH,TN-NORTH,CIVIL_MAINTENANCE,BUILDING_CONSTRUCTION,0.59,2017-08-21
V0191,Kaveri Engineering 191,Kaveri Engineering 191,COMPANY,KA-SOUTH,KA-SOUTH,ROAD_CONSTRUCTION,CIVIL_MAINTENANCE,0.679,2024-10-11
V0192,Lotus Engineering 192,Lotus Engineering 192,COMPANY,KA-BENGALURU,KA-BENGALURU,MEDICAL_SUPPLIES,LAB_EQUIPMENT,0.757,2023-04-04
V0193,Metro Engineering 193,Metro Engineering 193,COMPANY,TN-NORTH,TN-NORTH,ROAD_CONSTRUCTION,WATER_INFRASTRUCTURE,0.665,2017-11-08
V0194,National Engineering 194,National Engineering 194,PROPRIETORSHIP,KA-CENTRAL,KA-CENTRAL,CIVIL_MAINTENANCE,ROAD_CONSTRUCTION,0.639,2012-07-31
V0195,Omega Engineering 195,Omega Engineering 195,COMPANY,KA-SOUTH,KA-SOUTH,FURNITURE,BUILDING_CONSTRUCTION,0.643,2017-12-30
V0196,Prime Engineering 196,Prime Engineering 196,PROPRIETORSHIP,KA-CENTRAL,KA-CENTRAL,CIVIL_MAINTENANCE,BUILDING_CONSTRUCTION,0.613,2016-12-03
V0197,Quantum Engineering 197,Quantum Engineering 197,COMPANY,TN-NORTH,TN-NORTH,VEHICLE_SUPPLIES,CIVIL_MAINTENANCE,0.857,2024-11-30
V0198,Raven Engineering 198,Raven Engineering 198,COMPANY,KA-NORTH,KA-NORTH,BUILDING_CONSTRUCTION,ELECTRICAL_EQUIPMENT,0.64,2018-10-04
V0199,Summit Engineering 199,Summit Engineering 199,PROPRIETORSHIP,KA-BENGALURU,KA-BENGALURU,BUILDING_CONSTRUCTION,ELECTRICAL_EQUIPMENT,0.79,2023-01-13
V0200,Vertex Engineering 200,Vertex Engineering 200,PROPRIETORSHIP,KA-CENTRAL,KA-CENTRAL,LAB_EQUIPMENT,MEDICAL_SUPPLIES,0.971,2018-03-11
V0201,Apex Enterprises 201,Apex Enterprises 201,COMPANY,KA-SOUTH,KA-SOUTH,BUILDING_CONSTRUCTION,CIVIL_MAINTENANCE,0.791,2013-02-27
V0202,Bharat Enterprises 202,Bharat Enterprises 202,PROPRIETORSHIP,KA-NORTH,KA-NORTH,LAB_EQUIPMENT,MEDICAL_SUPPLIES,0.964,2020-02-26
V0203,Crest Enterprises 203,Crest Enterprises 203,COMPANY,KA-BENGALURU,KA-BENGALURU,FURNITURE,BUILDING_CONSTRUCTION,0.592,2016-08-12
V0204,Delta Enterprises 204,Delta Enterprises 204,COMPANY,KA-NORTH,KA-NORTH,LAB_EQUIPMENT,MEDICAL_SUPPLIES,0.915,2022-09-24
V0205,Eastern Enterprises 205,Eastern Enterprises 205,COMPANY,KA-SOUTH,KA-SOUTH,ROAD_CONSTRUCTION,WATER_INFRASTRUCTURE,0.643,2023-11-25
V0206,Frontier Enterprises 206,Frontier Enterprises 206,PARTNERSHIP,KA-SOUTH,KA-SOUTH,BUILDING_CONSTRUCTION,ELECTRICAL_EQUIPMENT,0.714,2014-11-05
V0207,Galaxy Enterprises 207,Galaxy Enterprises 207,PARTNERSHIP,KA-BENGALURU,KA-BENGALURU,CIVIL_MAINTENANCE,BUILDING_CONSTRUCTION,0.639,2023-08-07
V0208,Horizon Enterprises 208,Horizon Enterprises 208,PROPRIETORSHIP,TN-NORTH,TN-NORTH,BUILDING_CONSTRUCTION,ELECTRICAL_EQUIPMENT,0.736,2016-01-21
V0209,Indus Enterprises 209,Indus Enterprises 209,COMPANY,KA-SOUTH,KA-SOUTH,BUILDING_CONSTRUCTION,ELECTRICAL_EQUIPMENT,0.825,2022-06-16
V0210,Jupiter Enterprises 210,Jupiter Enterprises 210,COMPANY,KA-SOUTH,KA-SOUTH,IT_SERVICES,LAB_EQUIPMENT,0.571,2024-01-05
V0211,Kaveri Enterprises 211,Kaveri Enterprises 211,PARTNERSHIP,TN-NORTH,TN-NORTH,FURNITURE,BUILDING_CONSTRUCTION,0.572,2024-05-01
V0212,Lotus Enterprises 212,Lotus Enterprises 212,PROPRIETORSHIP,KA-SOUTH,KA-SOUTH,WATER_INFRASTRUCTURE,CIVIL_MAINTENANCE,0.776,2023-08-27
V0213,Metro Enterprises 213,Metro Enterprises 213,COMPANY,KA-SOUTH,KA-SOUTH,ELECTRICAL_EQUIPMENT,CIVIL_MAINTENANCE,0.741,2017-09-21
V0214,National Enterprises 214,National Enterprises 214,PARTNERSHIP,KA-NORTH,KA-NORTH,LAB_EQUIPMENT,IT_SERVICES,0.883,2019-11-30
V0215,Omega Enterprises 215,Omega Enterprises 215,COMPANY,KA-SOUTH,KA-SOUTH,IT_SERVICES,ELECTRICAL_EQUIPMENT,0.824,2012-03-03
V0216,Prime Enterprises 216,Prime Enterprises 216,COMPANY,KA-NORTH,KA-NORTH,WATER_INFRASTRUCTURE,CIVIL_MAINTENANCE,0.685,2018-03-24
V0217,Quantum Enterprises 217,Quantum Enterprises 217,COMPANY,TN-NORTH,TN-NORTH,VEHICLE_SUPPLIES,CIVIL_MAINTENANCE,0.711,2014-07-03
V0218,Raven Enterprises 218,Raven Enterprises 218,COMPANY,KA-SOUTH,KA-SOUTH,WATER_INFRASTRUCTURE,CIVIL_MAINTENANCE,0.925,2021-05-21
V0219,Summit Enterprises 219,Summit Enterprises 219,COMPANY,KA-SOUTH,KA-SOUTH,FURNITURE,BUILDING_CONSTRUCTION,0.746,2019-04-29
V0220,Vertex Enterprises 220,Vertex Enterprises 220,COMPANY,KA-NORTH,KA-NORTH,WATER_INFRASTRUCTURE,ROAD_CONSTRUCTION,0.725,2024-08-27
V0221,Apex Solutions 221,Apex Solutions 221,PARTNERSHIP,KA-NORTH,KA-NORTH,VEHICLE_SUPPLIES,CIVIL_MAINTENANCE,0.73,2017-08-18
V0222,Bharat Solutions 222,Bharat Solutions 222,PARTNERSHIP,KA-SOUTH,KA-SOUTH,VEHICLE_SUPPLIES,CIVIL_MAINTENANCE,0.736,2024-02-23
V0223,Crest Solutions 223,Crest Solutions 223,COMPANY,TN-NORTH,TN-NORTH,LAB_EQUIPMENT,IT_SERVICES,0.99,2018-12-22
V0224,Delta Solutions 224,Delta Solutions 224,COMPANY,KA-SOUTH,KA-SOUTH,ROAD_CONSTRUCTION,WATER_INFRASTRUCTURE,0.705,2024-09-18
V0225,Eastern Solutions 225,Eastern Solutions 225,COMPANY,KA-NORTH,KA-NORTH,ROAD_CONSTRUCTION,CIVIL_MAINTENANCE,0.626,2015-12-21
V0226,Frontier Solutions 226,Frontier Solutions 226,COMPANY,KA-BENGALURU,KA-BENGALURU,IT_SERVICES,LAB_EQUIPMENT,0.743,2019-11-09
V0227,Galaxy Solutions 227,Galaxy Solutions 227,COMPANY,KA-CENTRAL,KA-CENTRAL,ELECTRICAL_EQUIPMENT,IT_SERVICES,0.664,2018-11-02
V0228,Horizon Solutions 228,Horizon Solutions 228,COMPANY,TN-NORTH,TN-NORTH,VEHICLE_SUPPLIES,CIVIL_MAINTENANCE,0.81,2020-08-05
V0229,Indus Solutions 229,Indus Solutions 229,COMPANY,KA-SOUTH,KA-SOUTH,MEDICAL_SUPPLIES,LAB_EQUIPMENT,0.823,2022-01-07
V0230,Jupiter Solutions 230,Jupiter Solutions 230,COMPANY,KA-SOUTH,KA-SOUTH,VEHICLE_SUPPLIES,CIVIL_MAINTENANCE,0.878,2020-07-16
V0231,Kaveri Solutions 231,Kaveri Solutions 231,COMPANY,KA-CENTRAL,KA-CENTRAL,IT_SERVICES,LAB_EQUIPMENT,0.791,2017-09-25
V0232,Lotus Solutions 232,Lotus Solutions 232,PARTNERSHIP,TN-NORTH,TN-NORTH,MEDICAL_SUPPLIES,LAB_EQUIPMENT,0.839,2024-01-26
V0233,Metro Solutions 233,Metro Solutions 233,COMPANY,KA-BENGALURU,KA-BENGALURU,IT_SERVICES,LAB_EQUIPMENT,0.892,2020-09-24
V0234,National Solutions 234,National Solutions 234,COMPANY,KA-BENGALURU,KA-BENGALURU,MEDICAL_SUPPLIES,LAB_EQUIPMENT,0.725,2024-02-03
V0235,Omega Solutions 235,Omega Solutions 235,COMPANY,KA-BENGALURU,KA-BENGALURU,BUILDING_CONSTRUCTION,ELECTRICAL_EQUIPMENT,0.62,2018-11-02
V0236,Prime Solutions 236,Prime Solutions 236,COMPANY,KA-BENGALURU,KA-BENGALURU,VEHICLE_SUPPLIES,CIVIL_MAINTENANCE,0.647,2016-09-08
V0237,Quantum Solutions 237,Quantum Solutions 237,COMPANY,TN-NORTH,TN-NORTH,WATER_INFRASTRUCTURE,CIVIL_MAINTENANCE,0.61,2020-08-06
V0238,Raven Solutions 238,Raven Solutions 238,COMPANY,KA-NORTH,KA-NORTH,ROAD_CONSTRUCTION,WATER_INFRASTRUCTURE,0.582,2018-08-02
V0239,Summit Solutions 239,Summit Solutions 239,PROPRIETORSHIP,KA-NORTH,KA-NORTH,VEHICLE_SUPPLIES,CIVIL_MAINTENANCE,0.686,2015-03-16
V0240,Vertex Solutions 240,Vertex Solutions 240,COMPANY,KA-CENTRAL,KA-CENTRAL,MEDICAL_SUPPLIES,LAB_EQUIPMENT,0.647,2020-04-06
V0241,Apex Industries 241,Apex Industries 241,PARTNERSHIP,KA-NORTH,KA-NORTH,BUILDING_CONSTRUCTION,ELECTRICAL_EQUIPMENT,0.775,2021-11-19
V0242,Bharat Industries 242,Bharat Industries 242,PROPRIETORSHIP,KA-SOUTH,KA-SOUTH,FURNITURE,BUILDING_CONSTRUCTION,0.681,2019-11-06
V0243,Crest Industries 243,Crest Industries 243,COMPANY,KA-NORTH,KA-NORTH,MEDICAL_SUPPLIES,LAB_EQUIPMENT,0.897,2012-05-19
V0244,Delta Industries 244,Delta Industries 244,COMPANY,KA-NORTH,KA-NORTH,FURNITURE,BUILDING_CONSTRUCTION,0.814,2014-03-25
V0245,Eastern Industries 245,Eastern Industries 245,PARTNERSHIP,KA-NORTH,KA-NORTH,VEHICLE_SUPPLIES,CIVIL_MAINTENANCE,0.834,2020-10-29
V0246,Frontier Industries 246,Frontier Industries 246,COMPANY,TN-NORTH,TN-NORTH,WATER_INFRASTRUCTURE,CIVIL_MAINTENANCE,0.726,2023-09-12
V0247,Galaxy Industries 247,Galaxy Industries 247,PARTNERSHIP,KA-NORTH,KA-NORTH,WATER_INFRASTRUCTURE,CIVIL_MAINTENANCE,0.875,2018-10-10
V0248,Horizon Industries 248,Horizon Industries 248,COMPANY,KA-NORTH,KA-NORTH,BUILDING_CONSTRUCTION,CIVIL_MAINTENANCE,0.908,2013-08-15
V0249,Indus Industries 249,Indus Industries 249,COMPANY,KA-SOUTH,KA-SOUTH,BUILDING_CONSTRUCTION,CIVIL_MAINTENANCE,0.786,2022-01-26
V0250,Jupiter Industries 250,Jupiter Industries 250,COMPANY,KA-CENTRAL,KA-CENTRAL,ROAD_CONSTRUCTION,CIVIL_MAINTENANCE,0.732,2021-11-08
V0251,Kaveri Industries 251,Kaveri Industries 251,COMPANY,KA-NORTH,KA-NORTH,WATER_INFRASTRUCTURE,CIVIL_MAINTENANCE,0.752,2018-10-25
V0252,Lotus Industries 252,Lotus Industries 252,COMPANY,KA-SOUTH,KA-SOUTH,ELECTRICAL_EQUIPMENT,CIVIL_MAINTENANCE,0.624,2021-04-20
V0253,Metro Industries 253,Metro Industries 253,COMPANY,KA-SOUTH,KA-SOUTH,VEHICLE_SUPPLIES,CIVIL_MAINTENANCE,0.655,2020-05-20
V0254,National Industries 254,National Industries 254,COMPANY,KA-BENGALURU,KA-BENGALURU,FURNITURE,BUILDING_CONSTRUCTION,0.722,2021-07-03
V0255,Omega Industries 255,Omega Industries 255,COMPANY,TN-NORTH,TN-NORTH,WATER_INFRASTRUCTURE,CIVIL_MAINTENANCE,0.809,2023-02-25
V0256,Prime Industries 256,Prime Industries 256,COMPANY,KA-CENTRAL,KA-CENTRAL,ELECTRICAL_EQUIPMENT,CIVIL_MAINTENANCE,0.837,2018-08-28
V0257,Quantum Industries 257,Quantum Industries 257,COMPANY,KA-BENGALURU,KA-BENGALURU,CIVIL_MAINTENANCE,BUILDING_CONSTRUCTION,0.578,2023-01-06
V0258,Raven Industries 258,Raven Industries 258,COMPANY,KA-NORTH,KA-NORTH,IT_SERVICES,ELECTRICAL_EQUIPMENT,0.917,2021-09-20
V0259,Summit Industries 259,Summit Industries 259,PARTNERSHIP,KA-NORTH,KA-NORTH,IT_SERVICES,ELECTRICAL_EQUIPMENT,0.801,2023-02-08
V0260,Vertex Industries 260,Vertex Industries 260,COMPANY,KA-SOUTH,KA-SOUTH,IT_SERVICES,LAB_EQUIPMENT,0.752,2016-12-17
V0261,Apex Systems 261,Apex Systems 261,COMPANY,KA-NORTH,KA-NORTH,IT_SERVICES,LAB_EQUIPMENT,0.735,2018-11-02
V0262,Bharat Systems 262,Bharat Systems 262,PARTNERSHIP,KA-CENTRAL,KA-CENTRAL,LAB_EQUIPMENT,MEDICAL_SUPPLIES,0.819,2018-01-28
V0263,Crest Systems 263,Crest Systems 263,COMPANY,KA-CENTRAL,KA-CENTRAL,VEHICLE_SUPPLIES,CIVIL_MAINTENANCE,0.911,2023-04-17
V0264,Delta Systems 264,Delta Systems 264,COMPANY,KA-SOUTH,KA-SOUTH,MEDICAL_SUPPLIES,LAB_EQUIPMENT,0.87,2016-12-17
V0265,Eastern Systems 265,Eastern Systems 265,COMPANY,KA-NORTH,KA-NORTH,MEDICAL_SUPPLIES,LAB_EQUIPMENT,0.674,2019-07-06
V0266,Frontier Systems 266,Frontier Systems 266,PARTNERSHIP,KA-SOUTH,KA-SOUTH,IT_SERVICES,LAB_EQUIPMENT,0.829,2014-09-09
V0267,Galaxy Systems 267,Galaxy Systems 267,COMPANY,AP-SOUTH,AP-SOUTH,BUILDING_CONSTRUCTION,CIVIL_MAINTENANCE,0.712,2017-12-14
V0268,Horizon Systems 268,Horizon Systems 268,COMPANY,KA-BENGALURU,KA-BENGALURU,CIVIL_MAINTENANCE,ROAD_CONSTRUCTION,0.592,2024-05-10
V0269,Indus Systems 269,Indus Systems 269,COMPANY,KA-CENTRAL,KA-CENTRAL,CIVIL_MAINTENANCE,BUILDING_CONSTRUCTION,0.833,2013-04-16
V0270,Jupiter Systems 270,Jupiter Systems 270,COMPANY,KA-SOUTH,KA-SOUTH,CIVIL_MAINTENANCE,BUILDING_CONSTRUCTION,0.704,2022-11-28
V0271,Kaveri Systems 271,Kaveri Systems 271,PROPRIETORSHIP,AP-SOUTH,AP-SOUTH,WATER_INFRASTRUCTURE,ROAD_CONSTRUCTION,0.702,2012-11-14
V0272,Lotus Systems 272,Lotus Systems 272,COMPANY,KA-CENTRAL,KA-CENTRAL,CIVIL_MAINTENANCE,BUILDING_CONSTRUCTION,0.61,2014-08-01
V0273,Metro Systems 273,Metro Systems 273,COMPANY,AP-SOUTH,AP-SOUTH,CIVIL_MAINTENANCE,ROAD_CONSTRUCTION,0.879,2016-09-15
V0274,National Systems 274,National Systems 274,COMPANY,KA-NORTH,KA-NORTH,FURNITURE,BUILDING_CONSTRUCTION,0.8,2018-08-27
V0275,Omega Systems 275,Omega Systems 275,PROPRIETORSHIP,KA-CENTRAL,KA-CENTRAL,VEHICLE_SUPPLIES,CIVIL_MAINTENANCE,0.832,2016-04-01
V0276,Prime Systems 276,Prime Systems 276,PARTNERSHIP,KA-CENTRAL,KA-CENTRAL,FURNITURE,BUILDING_CONSTRUCTION,0.631,2023-12-23
V0277,Quantum Systems 277,Quantum Systems 277,COMPANY,KA-NORTH,KA-NORTH,LAB_EQUIPMENT,IT_SERVICES,0.99,2014-05-16
V0278,Raven Systems 278,Raven Systems 278,PARTNERSHIP,KA-NORTH,KA-NORTH,FURNITURE,BUILDING_CONSTRUCTION,0.53,2021-12-11
V0279,Summit Systems 279,Summit Systems 279,PROPRIETORSHIP,AP-SOUTH,AP-SOUTH,CIVIL_MAINTENANCE,ROAD_CONSTRUCTION,0.774,2019-07-05
V0280,Vertex Systems 280,Vertex Systems 280,COMPANY,KA-SOUTH,KA-SOUTH,FURNITURE,BUILDING_CONSTRUCTION,0.633,2023-11-30
V0281,Apex Projects 281,Apex Projects 281,COMPANY,TN-NORTH,TN-NORTH,FURNITURE,BUILDING_CONSTRUCTION,0.818,2014-08-21
V0282,Bharat Projects 282,Bharat Projects 282,COMPANY,KA-BENGALURU,KA-BENGALURU,VEHICLE_SUPPLIES,CIVIL_MAINTENANCE,0.751,2022-02-21
V0283,Crest Projects 283,Crest Projects 283,COMPANY,KA-SOUTH,KA-SOUTH,IT_SERVICES,LAB_EQUIPMENT,0.733,2015-08-01
V0284,Delta Projects 284,Delta Projects 284,PARTNERSHIP,KA-NORTH,KA-NORTH,BUILDING_CONSTRUCTION,CIVIL_MAINTENANCE,0.72,2014-07-04
V0285,Eastern Projects 285,Eastern Projects 285,COMPANY,TN-NORTH,TN-NORTH,IT_SERVICES,LAB_EQUIPMENT,0.747,2022-10-29
V0286,Frontier Projects 286,Frontier Projects 286,COMPANY,KA-NORTH,KA-NORTH,MEDICAL_SUPPLIES,LAB_EQUIPMENT,0.867,2012-10-14
V0287,Galaxy Projects 287,Galaxy Projects 287,COMPANY,KA-BENGALURU,KA-BENGALURU,WATER_INFRASTRUCTURE,CIVIL_MAINTENANCE,0.679,2017-08-19
V0288,Horizon Projects 288,Horizon Projects 288,COMPANY,KA-SOUTH,KA-SOUTH,BUILDING_CONSTRUCTION,CIVIL_MAINTENANCE,0.799,2018-03-05
V0289,Indus Projects 289,Indus Projects 289,COMPANY,KA-NORTH,KA-NORTH,ROAD_CONSTRUCTION,WATER_INFRASTRUCTURE,0.747,2019-12-01
V0290,Jupiter Projects 290,Jupiter Projects 290,PARTNERSHIP,KA-BENGALURU,KA-BENGALURU,WATER_INFRASTRUCTURE,CIVIL_MAINTENANCE,0.665,2015-03-05
V0291,Kaveri Projects 291,Kaveri Projects 291,PARTNERSHIP,AP-SOUTH,AP-SOUTH,ELECTRICAL_EQUIPMENT,IT_SERVICES,0.799,2017-10-19
V0292,Lotus Projects 292,Lotus Projects 292,COMPANY,TN-NORTH,TN-NORTH,FURNITURE,BUILDING_CONSTRUCTION,0.672,2013-05-17
V0293,Metro Projects 293,Metro Projects 293,PARTNERSHIP,AP-SOUTH,AP-SOUTH,ELECTRICAL_EQUIPMENT,IT_SERVICES,0.834,2023-10-09
V0294,National Projects 294,National Projects 294,COMPANY,KA-CENTRAL,KA-CENTRAL,VEHICLE_SUPPLIES,CIVIL_MAINTENANCE,0.796,2024-04-23
V0295,Omega Projects 295,Omega Projects 295,COMPANY,KA-BENGALURU,KA-BENGALURU,LAB_EQUIPMENT,IT_SERVICES,0.99,2014-08-24
V0296,Prime Projects 296,Prime Projects 296,COMPANY,KA-NORTH,KA-NORTH,ROAD_CONSTRUCTION,WATER_INFRASTRUCTURE,0.678,2022-12-31
V0297,Quantum Projects 297,Quantum Projects 297,COMPANY,KA-NORTH,KA-NORTH,ROAD_CONSTRUCTION,WATER_INFRASTRUCTURE,0.701,2021-04-10
V0298,Raven Projects 298,Raven Projects 298,COMPANY,KA-NORTH,KA-NORTH,BUILDING_CONSTRUCTION,ELECTRICAL_EQUIPMENT,0.855,2014-06-13
V0299,Summit Projects 299,Summit Projects 299,COMPANY,KA-NORTH,KA-NORTH,CIVIL_MAINTENANCE,ROAD_CONSTRUCTION,0.75,2014-11-27
V0300,Vertex Projects 300,Vertex Projects 300,COMPANY,KA-NORTH,KA-NORTH,ROAD_CONSTRUCTION,WATER_INFRASTRUCTURE,0.634,2017-06-25
V0301,Apex Services 301,Apex Services 301,COMPANY,KA-NORTH,KA-NORTH,FURNITURE,BUILDING_CONSTRUCTION,0.708,2016-02-08
V0302,Bharat Services 302,Bharat Services 302,COMPANY,KA-NORTH,KA-NORTH,IT_SERVICES,ELECTRICAL_EQUIPMENT,0.757,2014-06-07
V0303,Crest Services 303,Crest Services 303,COMPANY,AP-SOUTH,AP-SOUTH,VEHICLE_SUPPLIES,CIVIL_MAINTENANCE,0.824,2016-12-04
V0304,Delta Services 304,Delta Services 304,COMPANY,KA-SOUTH,KA-SOUTH,WATER_INFRASTRUCTURE,CIVIL_MAINTENANCE,0.883,2018-04-15
V0305,Eastern Services 305,Eastern Services 305,PROPRIETORSHIP,TN-NORTH,TN-NORTH,ROAD_CONSTRUCTION,WATER_INFRASTRUCTURE,0.591,2013-04-17
V0306,Frontier Services 306,Frontier Services 306,PROPRIETORSHIP,KA-SOUTH,KA-SOUTH,BUILDING_CONSTRUCTION,ELECTRICAL_EQUIPMENT,0.691,2022-07-30
V0307,Galaxy Services 307,Galaxy Services 307,COMPANY,AP-SOUTH,AP-SOUTH,LAB_EQUIPMENT,MEDICAL_SUPPLIES,0.99,2018-10-03
V0308,Horizon Services 308,Horizon Services 308,COMPANY,KA-CENTRAL,KA-CENTRAL,IT_SERVICES,ELECTRICAL_EQUIPMENT,0.799,2013-05-30
V0309,Indus Services 309,Indus Services 309,COMPANY,KA-NORTH,KA-NORTH,FURNITURE,BUILDING_CONSTRUCTION,0.762,2023-02-07
V0310,Jupiter Services 310,Jupiter Services 310,COMPANY,KA-BENGALURU,KA-BENGALURU,FURNITURE,BUILDING_CONSTRUCTION,0.631,2022-07-08
V0311,Kaveri Services 311,Kaveri Services 311,COMPANY,TN-NORTH,TN-NORTH,ROAD_CONSTRUCTION,CIVIL_MAINTENANCE,0.734,2018-07-24
V0312,Lotus Services 312,Lotus Services 312,COMPANY,KA-SOUTH,KA-SOUTH,BUILDING_CONSTRUCTION,ELECTRICAL_EQUIPMENT,0.585,2014-09-26
V0313,Metro Services 313,Metro Services 313,PARTNERSHIP,KA-CENTRAL,KA-CENTRAL,WATER_INFRASTRUCTURE,CIVIL_MAINTENANCE,0.74,2023-10-11
V0314,National Services 314,National Services 314,COMPANY,TN-NORTH,TN-NORTH,LAB_EQUIPMENT,IT_SERVICES,0.889,2021-05-04
V0315,Omega Services 315,Omega Services 315,PARTNERSHIP,KA-BENGALURU,KA-BENGALURU,LAB_EQUIPMENT,IT_SERVICES,0.98,2012-08-06
V0316,Prime Services 316,Prime Services 316,COMPANY,KA-NORTH,KA-NORTH,BUILDING_CONSTRUCTION,CIVIL_MAINTENANCE,0.67,2021-09-09
V0317,Quantum Services 317,Quantum Services 317,COMPANY,TN-NORTH,TN-NORTH,ELECTRICAL_EQUIPMENT,CIVIL_MAINTENANCE,0.77,2017-10-05
V0318,Raven Services 318,Raven Services 318,COMPANY,TN-NORTH,TN-NORTH,BUILDING_CONSTRUCTION,ELECTRICAL_EQUIPMENT,0.704,2017-05-02
V0319,Summit Services 319,Summit Services 319,COMPANY,TN-NORTH,TN-NORTH,FURNITURE,BUILDING_CONSTRUCTION,0.765,2021-08-16
V0320,Vertex Services 320,Vertex Services 320,PROPRIETORSHIP,KA-SOUTH,KA-SOUTH,WATER_INFRASTRUCTURE,ROAD_CONSTRUCTION,0.841,2018-06-02
V0321,Apex Infrastructure 321,Apex Infrastructure 321,PROPRIETORSHIP,KA-BENGALURU,KA-BENGALURU,ELECTRICAL_EQUIPMENT,CIVIL_MAINTENANCE,0.757,2017-06-22
V0322,Bharat Infrastructure 322,Bharat Infrastructure 322,COMPANY,AP-SOUTH,AP-SOUTH,FURNITURE,BUILDING_CONSTRUCTION,0.795,2025-02-09
V0323,Crest Infrastructure 323,Crest Infrastructure 323,PROPRIETORSHIP,KA-NORTH,KA-NORTH,IT_SERVICES,LAB_EQUIPMENT,0.721,2024-03-05
V0324,Delta Infrastructure 324,Delta Infrastructure 324,COMPANY,KA-BENGALURU,KA-BENGALURU,CIVIL_MAINTENANCE,ROAD_CONSTRUCTION,0.681,2024-04-06
V0325,Eastern Infrastructure 325,Eastern Infrastructure 325,COMPANY,TN-NORTH,TN-NORTH,CIVIL_MAINTENANCE,ROAD_CONSTRUCTION,0.698,2013-12-28
V0326,Frontier Infrastructure 326,Frontier Infrastructure 326,COMPANY,KA-SOUTH,KA-SOUTH,VEHICLE_SUPPLIES,CIVIL_MAINTENANCE,0.784,2015-05-13
V0327,Galaxy Infrastructure 327,Galaxy Infrastructure 327,PROPRIETORSHIP,KA-BENGALURU,KA-BENGALURU,FURNITURE,BUILDING_CONSTRUCTION,0.715,2020-12-11
V0328,Horizon Infrastructure 328,Horizon Infrastructure 328,COMPANY,KA-BENGALURU,KA-BENGALURU,VEHICLE_SUPPLIES,CIVIL_MAINTENANCE,0.804,2015-08-06
V0329,Indus Infrastructure 329,Indus Infrastructure 329,PARTNERSHIP,KA-NORTH,KA-NORTH,MEDICAL_SUPPLIES,LAB_EQUIPMENT,0.719,2019-05-25
V0330,Jupiter Infrastructure 330,Jupiter Infrastructure 330,COMPANY,AP-SOUTH,AP-SOUTH,BUILDING_CONSTRUCTION,CIVIL_MAINTENANCE,0.679,2014-07-27
V0331,Kaveri Infrastructure 331,Kaveri Infrastructure 331,COMPANY,KA-NORTH,KA-NORTH,MEDICAL_SUPPLIES,LAB_EQUIPMENT,0.721,2012-12-05
V0332,Lotus Infrastructure 332,Lotus Infrastructure 332,COMPANY,KA-CENTRAL,KA-CENTRAL,WATER_INFRASTRUCTURE,CIVIL_MAINTENANCE,0.807,2019-06-14
V0333,Metro Infrastructure 333,Metro Infrastructure 333,COMPANY,KA-BENGALURU,KA-BENGALURU,ELECTRICAL_EQUIPMENT,IT_SERVICES,0.623,2022-07-22
V0334,National Infrastructure 334,National Infrastructure 334,COMPANY,KA-SOUTH,KA-SOUTH,LAB_EQUIPMENT,IT_SERVICES,0.856,2020-09-25
V0335,Omega Infrastructure 335,Omega Infrastructure 335,COMPANY,KA-NORTH,KA-NORTH,VEHICLE_SUPPLIES,CIVIL_MAINTENANCE,0.78,2018-07-11
V0336,Prime Infrastructure 336,Prime Infrastructure 336,COMPANY,KA-CENTRAL,KA-CENTRAL,IT_SERVICES,ELECTRICAL_EQUIPMENT,0.806,2024-11-22
V0337,Quantum Infrastructure 337,Quantum Infrastructure 337,COMPANY,AP-SOUTH,AP-SOUTH,VEHICLE_SUPPLIES,CIVIL_MAINTENANCE,0.843,2017-10-14
V0338,Raven Infrastructure 338,Raven Infrastructure 338,COMPANY,KA-NORTH,KA-NORTH,ELECTRICAL_EQUIPMENT,IT_SERVICES,0.873,2021-10-17
V0339,Summit Infrastructure 339,Summit Infrastructure 339,COMPANY,KA-SOUTH,KA-SOUTH,ROAD_CONSTRUCTION,WATER_INFRASTRUCTURE,0.675,2023-03-12
V0340,Vertex Infrastructure 340,Vertex Infrastructure 340,COMPANY,KA-NORTH,KA-NORTH,WATER_INFRASTRUCTURE,CIVIL_MAINTENANCE,0.811,2019-11-02
V0341,Apex Engineering 341,Apex Engineering 341,COMPANY,AP-SOUTH,AP-SOUTH,LAB_EQUIPMENT,MEDICAL_SUPPLIES,0.874,2015-09-27
V0342,Bharat Engineering 342,Bharat Engineering 342,PARTNERSHIP,AP-SOUTH,AP-SOUTH,WATER_INFRASTRUCTURE,ROAD_CONSTRUCTION,0.7,2024-02-06
V0343,Crest Engineering 343,Crest Engineering 343,COMPANY,KA-BENGALURU,KA-BENGALURU,MEDICAL_SUPPLIES,LAB_EQUIPMENT,0.804,2019-05-28
V0344,Delta Engineering 344,Delta Engineering 344,COMPANY,KA-SOUTH,KA-SOUTH,ELECTRICAL_EQUIPMENT,IT_SERVICES,0.935,2021-10-09
V0345,Eastern Engineering 345,Eastern Engineering 345,COMPANY,KA-SOUTH,KA-SOUTH,ROAD_CONSTRUCTION,WATER_INFRASTRUCTURE,0.695,2017-11-26
V0346,Frontier Engineering 346,Frontier Engineering 346,PARTNERSHIP,KA-SOUTH,KA-SOUTH,ROAD_CONSTRUCTION,WATER_INFRASTRUCTURE,0.712,2018-03-11
V0347,Galaxy Engineering 347,Galaxy Engineering 347,PROPRIETORSHIP,KA-SOUTH,KA-SOUTH,CIVIL_MAINTENANCE,BUILDING_CONSTRUCTION,0.723,2016-06-11
V0348,Horizon Engineering 348,Horizon Engineering 348,COMPANY,KA-BENGALURU,KA-BENGALURU,ROAD_CONSTRUCTION,CIVIL_MAINTENANCE,0.56,2012-02-29
V0349,Indus Engineering 349,Indus Engineering 349,COMPANY,AP-SOUTH,AP-SOUTH,ELECTRICAL_EQUIPMENT,CIVIL_MAINTENANCE,0.869,2016-04-26
V0350,Jupiter Engineering 350,Jupiter Engineering 350,PROPRIETORSHIP,KA-BENGALURU,KA-BENGALURU,MEDICAL_SUPPLIES,LAB_EQUIPMENT,0.755,2024-09-01
V0351,Kaveri Engineering 351,Kaveri Engineering 351,COMPANY,KA-SOUTH,KA-SOUTH,MEDICAL_SUPPLIES,LAB_EQUIPMENT,0.81,2016-02-03
V0352,Lotus Engineering 352,Lotus Engineering 352,PARTNERSHIP,KA-BENGALURU,KA-BENGALURU,FURNITURE,BUILDING_CONSTRUCTION,0.777,2023-05-15
V0353,Metro Engineering 353,Metro Engineering 353,COMPANY,KA-BENGALURU,KA-BENGALURU,ROAD_CONSTRUCTION,WATER_INFRASTRUCTURE,0.672,2014-09-05
V0354,National Engineering 354,National Engineering 354,COMPANY,KA-BENGALURU,KA-BENGALURU,MEDICAL_SUPPLIES,LAB_EQUIPMENT,0.816,2018-02-18
V0355,Omega Engineering 355,Omega Engineering 355,PARTNERSHIP,KA-SOUTH,KA-SOUTH,LAB_EQUIPMENT,MEDICAL_SUPPLIES,0.99,2012-03-27
V0356,Prime Engineering 356,Prime Engineering 356,COMPANY,KA-BENGALURU,KA-BENGALURU,ROAD_CONSTRUCTION,WATER_INFRASTRUCTURE,0.765,2016-10-23
V0357,Quantum Engineering 357,Quantum Engineering 357,COMPANY,KA-BENGALURU,KA-BENGALURU,CIVIL_MAINTENANCE,ROAD_CONSTRUCTION,0.663,2019-03-01
V0358,Raven Engineering 358,Raven Engineering 358,COMPANY,KA-NORTH,KA-NORTH,ROAD_CONSTRUCTION,WATER_INFRASTRUCTURE,0.678,2020-02-22
V0359,Summit Engineering 359,Summit Engineering 359,COMPANY,KA-NORTH,KA-NORTH,WATER_INFRASTRUCTURE,ROAD_CONSTRUCTION,0.841,2020-12-01
V0360,Vertex Engineering 360,Vertex Engineering 360,COMPANY,KA-SOUTH,KA-SOUTH,VEHICLE_SUPPLIES,CIVIL_MAINTENANCE,0.873,2014-05-05
V0361,Apex Enterprises 361,Apex Enterprises 361,PARTNERSHIP,KA-BENGALURU,KA-BENGALURU,BUILDING_CONSTRUCTION,CIVIL_MAINTENANCE,0.751,2022-04-13
V0362,Bharat Enterprises 362,Bharat Enterprises 362,PARTNERSHIP,KA-BENGALURU,KA-BENGALURU,CIVIL_MAINTENANCE,BUILDING_CONSTRUCTION,0.778,2015-04-05
V0363,Crest Enterprises 363,Crest Enterprises 363,COMPANY,KA-CENTRAL,KA-CENTRAL,CIVIL_MAINTENANCE,BUILDING_CONSTRUCTION,0.914,2014-06-07
V0364,Delta Enterprises 364,Delta Enterprises 364,COMPANY,KA-NORTH,KA-NORTH,FURNITURE,BUILDING_CONSTRUCTION,0.65,2025-01-26
V0365,Eastern Enterprises 365,Eastern Enterprises 365,COMPANY,AP-SOUTH,AP-SOUTH,IT_SERVICES,ELECTRICAL_EQUIPMENT,0.852,2020-01-07
V0366,Frontier Enterprises 366,Frontier Enterprises 366,COMPANY,KA-BENGALURU,KA-BENGALURU,ROAD_CONSTRUCTION,WATER_INFRASTRUCTURE,0.728,2014-11-25
V0367,Galaxy Enterprises 367,Galaxy Enterprises 367,PARTNERSHIP,KA-NORTH,KA-NORTH,ELECTRICAL_EQUIPMENT,IT_SERVICES,0.773,2025-01-22
V0368,Horizon Enterprises 368,Horizon Enterprises 368,COMPANY,KA-CENTRAL,KA-CENTRAL,ROAD_CONSTRUCTION,WATER_INFRASTRUCTURE,0.782,2015-12-15
V0369,Indus Enterprises 369,Indus Enterprises 369,COMPANY,KA-SOUTH,KA-SOUTH,IT_SERVICES,LAB_EQUIPMENT,0.811,2022-05-13
V0370,Jupiter Enterprises 370,Jupiter Enterprises 370,COMPANY,KA-BENGALURU,KA-BENGALURU,FURNITURE,BUILDING_CONSTRUCTION,0.746,2014-02-07
V0371,Kaveri Enterprises 371,Kaveri Enterprises 371,COMPANY,KA-BENGALURU,KA-BENGALURU,ROAD_CONSTRUCTION,WATER_INFRASTRUCTURE,0.68,2021-05-11
V0372,Lotus Enterprises 372,Lotus Enterprises 372,PARTNERSHIP,KA-CENTRAL,KA-CENTRAL,WATER_INFRASTRUCTURE,ROAD_CONSTRUCTION,0.647,2020-06-22
V0373,Metro Enterprises 373,Metro Enterprises 373,COMPANY,TN-NORTH,TN-NORTH,VEHICLE_SUPPLIES,CIVIL_MAINTENANCE,0.759,2018-11-05
V0374,National Enterprises 374,National Enterprises 374,PARTNERSHIP,KA-SOUTH,KA-SOUTH,CIVIL_MAINTENANCE,BUILDING_CONSTRUCTION,0.708,2012-04-20
V0375,Omega Enterprises 375,Omega Enterprises 375,PARTNERSHIP,KA-BENGALURU,KA-BENGALURU,VEHICLE_SUPPLIES,CIVIL_MAINTENANCE,0.695,2020-06-18
V0376,Prime Enterprises 376,Prime Enterprises 376,COMPANY,KA-SOUTH,KA-SOUTH,ROAD_CONSTRUCTION,CIVIL_MAINTENANCE,0.636,2014-03-26
V0377,Quantum Enterprises 377,Quantum Enterprises 377,COMPANY,KA-SOUTH,KA-SOUTH,VEHICLE_SUPPLIES,CIVIL_MAINTENANCE,0.831,2017-07-30
V0378,Raven Enterprises 378,Raven Enterprises 378,COMPANY,KA-SOUTH,KA-SOUTH,MEDICAL_SUPPLIES,LAB_EQUIPMENT,0.673,2020-04-01
V0379,Summit Enterprises 379,Summit Enterprises 379,COMPANY,KA-SOUTH,KA-SOUTH,FURNITURE,BUILDING_CONSTRUCTION,0.734,2017-07-19
V0380,Vertex Enterprises 380,Vertex Enterprises 380,PROPRIETORSHIP,KA-BENGALURU,KA-BENGALURU,VEHICLE_SUPPLIES,CIVIL_MAINTENANCE,0.887,2024-07-19
V0381,Apex Solutions 381,Apex Solutions 381,PROPRIETORSHIP,KA-SOUTH,KA-SOUTH,ROAD_CONSTRUCTION,WATER_INFRASTRUCTURE,0.742,2022-06-10
V0382,Bharat Solutions 382,Bharat Solutions 382,PARTNERSHIP,KA-BENGALURU,KA-BENGALURU,MEDICAL_SUPPLIES,LAB_EQUIPMENT,0.847,2023-12-26
V0383,Crest Solutions 383,Crest Solutions 383,COMPANY,KA-NORTH,KA-NORTH,ELECTRICAL_EQUIPMENT,IT_SERVICES,0.784,2019-04-26
V0384,Delta Solutions 384,Delta Solutions 384,PARTNERSHIP,KA-NORTH,KA-NORTH,ELECTRICAL_EQUIPMENT,IT_SERVICES,0.934,2021-08-07
V0385,Eastern Solutions 385,Eastern Solutions 385,COMPANY,TN-NORTH,TN-NORTH,ROAD_CONSTRUCTION,WATER_INFRASTRUCTURE,0.821,2014-09-20
V0386,Frontier Solutions 386,Frontier Solutions 386,COMPANY,KA-NORTH,KA-NORTH,ROAD_CONSTRUCTION,WATER_INFRASTRUCTURE,0.672,2014-07-05
V0387,Galaxy Solutions 387,Galaxy Solutions 387,COMPANY,KA-NORTH,KA-NORTH,WATER_INFRASTRUCTURE,ROAD_CONSTRUCTION,0.832,2014-10-16
V0388,Horizon Solutions 388,Horizon Solutions 388,COMPANY,KA-SOUTH,KA-SOUTH,FURNITURE,BUILDING_CONSTRUCTION,0.566,2017-11-26
V0389,Indus Solutions 389,Indus Solutions 389,COMPANY,KA-NORTH,KA-NORTH,ROAD_CONSTRUCTION,CIVIL_MAINTENANCE,0.674,2014-02-13
V0390,Jupiter Solutions 390,Jupiter Solutions 390,COMPANY,TN-NORTH,TN-NORTH,VEHICLE_SUPPLIES,CIVIL_MAINTENANCE,0.759,2013-12-02
V0391,Kaveri Solutions 391,Kaveri Solutions 391,PROPRIETORSHIP,KA-BENGALURU,KA-BENGALURU,CIVIL_MAINTENANCE,ROAD_CONSTRUCTION,0.767,2013-09-04
V0392,Lotus Solutions 392,Lotus Solutions 392,COMPANY,KA-BENGALURU,KA-BENGALURU,IT_SERVICES,ELECTRICAL_EQUIPMENT,0.907,2017-05-22
V0393,Metro Solutions 393,Metro Solutions 393,COMPANY,KA-SOUTH,KA-SOUTH,ROAD_CONSTRUCTION,CIVIL_MAINTENANCE,0.648,2019-04-07
V0394,National Solutions 394,National Solutions 394,COMPANY,KA-SOUTH,KA-SOUTH,ELECTRICAL_EQUIPMENT,CIVIL_MAINTENANCE,0.825,2025-02-10
V0395,Omega Solutions 395,Omega Solutions 395,PARTNERSHIP,KA-NORTH,KA-NORTH,MEDICAL_SUPPLIES,LAB_EQUIPMENT,0.612,2021-05-14
V0396,Prime Solutions 396,Prime Solutions 396,COMPANY,KA-CENTRAL,KA-CENTRAL,IT_SERVICES,ELECTRICAL_EQUIPMENT,0.923,2022-03-20
V0397,Quantum Solutions 397,Quantum Solutions 397,PARTNERSHIP,KA-SOUTH,KA-SOUTH,VEHICLE_SUPPLIES,CIVIL_MAINTENANCE,0.776,2023-02-18
V0398,Raven Solutions 398,Raven Solutions 398,COMPANY,KA-NORTH,KA-NORTH,ROAD_CONSTRUCTION,CIVIL_MAINTENANCE,0.588,2021-05-19
V0399,Summit Solutions 399,Summit Solutions 399,PROPRIETORSHIP,KA-NORTH,KA-NORTH,ROAD_CONSTRUCTION,CIVIL_MAINTENANCE,0.713,2012-06-09
V0400,Vertex Solutions 400,Vertex Solutions 400,COMPANY,TN-NORTH,TN-NORTH,WATER_INFRASTRUCTURE,ROAD_CONSTRUCTION,0.742,2019-01-14
V0401,Apex Industries 401,Apex Industries 401,COMPANY,KA-BENGALURU,KA-BENGALURU,WATER_INFRASTRUCTURE,CIVIL_MAINTENANCE,0.738,2019-03-24
V0402,Bharat Industries 402,Bharat Industries 402,PARTNERSHIP,KA-BENGALURU,KA-BENGALURU,VEHICLE_SUPPLIES,CIVIL_MAINTENANCE,0.928,2014-04-24
V0403,Crest Industries 403,Crest Industries 403,PROPRIETORSHIP,TN-NORTH,TN-NORTH,IT_SERVICES,ELECTRICAL_EQUIPMENT,0.97,2022-06-16
V0404,Delta Industries 404,Delta Industries 404,COMPANY,KA-BENGALURU,KA-BENGALURU,VEHICLE_SUPPLIES,CIVIL_MAINTENANCE,0.883,2013-08-16
V0405,Eastern Industries 405,Eastern Industries 405,PARTNERSHIP,KA-BENGALURU,KA-BENGALURU,BUILDING_CONSTRUCTION,ELECTRICAL_EQUIPMENT,0.8,2017-01-09
V0406,Frontier Industries 406,Frontier Industries 406,COMPANY,KA-NORTH,KA-NORTH,MEDICAL_SUPPLIES,LAB_EQUIPMENT,0.702,2024-07-12
V0407,Galaxy Industries 407,Galaxy Industries 407,PROPRIETORSHIP,AP-SOUTH,AP-SOUTH,LAB_EQUIPMENT,IT_SERVICES,0.988,2013-03-12
V0408,Horizon Industries 408,Horizon Industries 408,COMPANY,KA-NORTH,KA-NORTH,MEDICAL_SUPPLIES,LAB_EQUIPMENT,0.786,2020-07-27
V0409,Indus Industries 409,Indus Industries 409,PARTNERSHIP,AP-SOUTH,AP-SOUTH,LAB_EQUIPMENT,MEDICAL_SUPPLIES,0.849,2022-09-13
V0410,Jupiter Industries 410,Jupiter Industries 410,PROPRIETORSHIP,AP-SOUTH,AP-SOUTH,WATER_INFRASTRUCTURE,ROAD_CONSTRUCTION,0.761,2016-05-19
V0411,Kaveri Industries 411,Kaveri Industries 411,COMPANY,AP-SOUTH,AP-SOUTH,BUILDING_CONSTRUCTION,ELECTRICAL_EQUIPMENT,0.716,2020-03-21
V0412,Lotus Industries 412,Lotus Industries 412,COMPANY,KA-SOUTH,KA-SOUTH,CIVIL_MAINTENANCE,BUILDING_CONSTRUCTION,0.632,2018-09-12
V0413,Metro Industries 413,Metro Industries 413,COMPANY,KA-NORTH,KA-NORTH,FURNITURE,BUILDING_CONSTRUCTION,0.707,2021-07-08
V0414,National Industries 414,National Industries 414,COMPANY,KA-NORTH,KA-NORTH,BUILDING_CONSTRUCTION,ELECTRICAL_EQUIPMENT,0.759,2018-01-28
V0415,Omega Industries 415,Omega Industries 415,COMPANY,KA-SOUTH,KA-SOUTH,WATER_INFRASTRUCTURE,ROAD_CONSTRUCTION,0.686,2013-09-07
V0416,Prime Industries 416,Prime Industries 416,PROPRIETORSHIP,KA-NORTH,KA-NORTH,ROAD_CONSTRUCTION,CIVIL_MAINTENANCE,0.617,2013-05-20
V0417,Quantum Industries 417,Quantum Industries 417,COMPANY,KA-SOUTH,KA-SOUTH,ELECTRICAL_EQUIPMENT,IT_SERVICES,0.895,2018-10-25
V0418,Raven Industries 418,Raven Industries 418,COMPANY,KA-NORTH,KA-NORTH,WATER_INFRASTRUCTURE,CIVIL_MAINTENANCE,0.746,2020-03-07
V0419,Summit Industries 419,Summit Industries 419,PROPRIETORSHIP,KA-CENTRAL,KA-CENTRAL,VEHICLE_SUPPLIES,CIVIL_MAINTENANCE,0.801,2018-08-02
V0420,Vertex Industries 420,Vertex Industries 420,COMPANY,KA-BENGALURU,KA-BENGALURU,MEDICAL_SUPPLIES,LAB_EQUIPMENT,0.646,2019-12-01
V0421,Apex Systems 421,Apex Systems 421,COMPANY,KA-SOUTH,KA-SOUTH,WATER_INFRASTRUCTURE,ROAD_CONSTRUCTION,0.722,2012-03-16
V0422,Bharat Systems 422,Bharat Systems 422,COMPANY,TN-NORTH,TN-NORTH,VEHICLE_SUPPLIES,CIVIL_MAINTENANCE,0.801,2018-09-12
V0423,Crest Systems 423,Crest Systems 423,COMPANY,KA-BENGALURU,KA-BENGALURU,IT_SERVICES,LAB_EQUIPMENT,0.934,2020-10-26
V0424,Delta Systems 424,Delta Systems 424,COMPANY,KA-BENGALURU,KA-BENGALURU,ELECTRICAL_EQUIPMENT,CIVIL_MAINTENANCE,0.82,2013-11-19
V0425,Eastern Systems 425,Eastern Systems 425,COMPANY,KA-SOUTH,KA-SOUTH,VEHICLE_SUPPLIES,CIVIL_MAINTENANCE,0.702,2015-12-20
V0426,Frontier Systems 426,Frontier Systems 426,COMPANY,KA-SOUTH,KA-SOUTH,WATER_INFRASTRUCTURE,ROAD_CONSTRUCTION,0.724,2019-06-14
V0427,Galaxy Systems 427,Galaxy Systems 427,PARTNERSHIP,KA-SOUTH,KA-SOUTH,CIVIL_MAINTENANCE,ROAD_CONSTRUCTION,0.747,2015-01-24
V0428,Horizon Systems 428,Horizon Systems 428,PARTNERSHIP,KA-CENTRAL,KA-CENTRAL,IT_SERVICES,ELECTRICAL_EQUIPMENT,0.707,2014-02-11
V0429,Indus Systems 429,Indus Systems 429,COMPANY,KA-NORTH,KA-NORTH,WATER_INFRASTRUCTURE,CIVIL_MAINTENANCE,0.739,2019-06-17
V0430,Jupiter Systems 430,Jupiter Systems 430,COMPANY,TN-NORTH,TN-NORTH,ROAD_CONSTRUCTION,CIVIL_MAINTENANCE,0.721,2015-04-03
V0431,Kaveri Systems 431,Kaveri Systems 431,PARTNERSHIP,KA-SOUTH,KA-SOUTH,MEDICAL_SUPPLIES,LAB_EQUIPMENT,0.776,2013-09-15
V0432,Lotus Systems 432,Lotus Systems 432,COMPANY,KA-SOUTH,KA-SOUTH,ELECTRICAL_EQUIPMENT,CIVIL_MAINTENANCE,0.712,2020-05-30
V0433,Metro Systems 433,Metro Systems 433,COMPANY,AP-SOUTH,AP-SOUTH,ELECTRICAL_EQUIPMENT,CIVIL_MAINTENANCE,0.779,2024-04-24
V0434,National Systems 434,National Systems 434,PROPRIETORSHIP,KA-CENTRAL,KA-CENTRAL,ELECTRICAL_EQUIPMENT,IT_SERVICES,0.795,2024-11-09
V0435,Omega Systems 435,Omega Systems 435,PARTNERSHIP,KA-SOUTH,KA-SOUTH,ROAD_CONSTRUCTION,CIVIL_MAINTENANCE,0.653,2016-07-11
V0436,Prime Systems 436,Prime Systems 436,COMPANY,KA-BENGALURU,KA-BENGALURU,BUILDING_CONSTRUCTION,CIVIL_MAINTENANCE,0.773,2014-12-27
V0437,Quantum Systems 437,Quantum Systems 437,PROPRIETORSHIP,KA-NORTH,KA-NORTH,WATER_INFRASTRUCTURE,ROAD_CONSTRUCTION,0.857,2013-10-19
V0438,Raven Systems 438,Raven Systems 438,COMPANY,KA-SOUTH,KA-SOUTH,WATER_INFRASTRUCTURE,CIVIL_MAINTENANCE,0.775,2022-10-11
V0439,Summit Systems 439,Summit Systems 439,COMPANY,KA-BENGALURU,KA-BENGALURU,MEDICAL_SUPPLIES,LAB_EQUIPMENT,0.71,2018-06-04
V0440,Vertex Systems 440,Vertex Systems 440,COMPANY,TN-NORTH,TN-NORTH,CIVIL_MAINTENANCE,ROAD_CONSTRUCTION,0.571,2021-03-06
V0441,Apex Projects 441,Apex Projects 441,PARTNERSHIP,KA-SOUTH,KA-SOUTH,VEHICLE_SUPPLIES,CIVIL_MAINTENANCE,0.654,2020-07-08
V0442,Bharat Projects 442,Bharat Projects 442,PROPRIETORSHIP,KA-CENTRAL,KA-CENTRAL,BUILDING_CONSTRUCTION,ELECTRICAL_EQUIPMENT,0.596,2015-04-07
V0443,Crest Projects 443,Crest Projects 443,COMPANY,KA-CENTRAL,KA-CENTRAL,WATER_INFRASTRUCTURE,ROAD_CONSTRUCTION,0.669,2013-03-03
V0444,Delta Projects 444,Delta Projects 444,PARTNERSHIP,KA-CENTRAL,KA-CENTRAL,WATER_INFRASTRUCTURE,CIVIL_MAINTENANCE,0.635,2020-06-28
V0445,Eastern Projects 445,Eastern Projects 445,PARTNERSHIP,KA-SOUTH,KA-SOUTH,CIVIL_MAINTENANCE,ROAD_CONSTRUCTION,0.638,2020-06-04
V0446,Frontier Projects 446,Frontier Projects 446,COMPANY,KA-SOUTH,KA-SOUTH,BUILDING_CONSTRUCTION,ELECTRICAL_EQUIPMENT,0.585,2019-12-25
V0447,Galaxy Projects 447,Galaxy Projects 447,PROPRIETORSHIP,KA-SOUTH,KA-SOUTH,MEDICAL_SUPPLIES,LAB_EQUIPMENT,0.853,2016-12-24
V0448,Horizon Projects 448,Horizon Projects 448,COMPANY,KA-BENGALURU,KA-BENGALURU,MEDICAL_SUPPLIES,LAB_EQUIPMENT,0.742,2017-07-05
V0449,Indus Projects 449,Indus Projects 449,PROPRIETORSHIP,KA-NORTH,KA-NORTH,BUILDING_CONSTRUCTION,ELECTRICAL_EQUIPMENT,0.536,2025-02-07
V0450,Jupiter Projects 450,Jupiter Projects 450,COMPANY,AP-SOUTH,AP-SOUTH,CIVIL_MAINTENANCE,BUILDING_CONSTRUCTION,0.509,2012-10-21
V0451,Kaveri Projects 451,Kaveri Projects 451,COMPANY,TN-NORTH,TN-NORTH,BUILDING_CONSTRUCTION,ELECTRICAL_EQUIPMENT,0.749,2012-02-13
V0452,Lotus Projects 452,Lotus Projects 452,COMPANY,KA-SOUTH,KA-SOUTH,MEDICAL_SUPPLIES,LAB_EQUIPMENT,0.654,2013-02-15
V0453,Metro Projects 453,Metro Projects 453,COMPANY,KA-SOUTH,KA-SOUTH,VEHICLE_SUPPLIES,CIVIL_MAINTENANCE,0.789,2014-10-14
V0454,National Projects 454,National Projects 454,PROPRIETORSHIP,KA-SOUTH,KA-SOUTH,IT_SERVICES,ELECTRICAL_EQUIPMENT,0.782,2021-12-27
V0455,Omega Projects 455,Omega Projects 455,COMPANY,KA-SOUTH,KA-SOUTH,WATER_INFRASTRUCTURE,CIVIL_MAINTENANCE,0.772,2023-10-29
V0456,Prime Projects 456,Prime Projects 456,COMPANY,KA-NORTH,KA-NORTH,LAB_EQUIPMENT,IT_SERVICES,0.967,2021-11-20
V0457,Quantum Projects 457,Quantum Projects 457,COMPANY,AP-SOUTH,AP-SOUTH,CIVIL_MAINTENANCE,BUILDING_CONSTRUCTION,0.635,2016-10-18
V0458,Raven Projects 458,Raven Projects 458,PARTNERSHIP,KA-NORTH,KA-NORTH,VEHICLE_SUPPLIES,CIVIL_MAINTENANCE,0.853,2014-11-07
V0459,Summit Projects 459,Summit Projects 459,COMPANY,AP-SOUTH,AP-SOUTH,IT_SERVICES,LAB_EQUIPMENT,0.81,2018-01-01
V0460,Vertex Projects 460,Vertex Projects 460,COMPANY,KA-BENGALURU,KA-BENGALURU,LAB_EQUIPMENT,IT_SERVICES,0.99,2013-09-30
V0461,Apex Services 461,Apex Services 461,COMPANY,KA-BENGALURU,KA-BENGALURU,BUILDING_CONSTRUCTION,CIVIL_MAINTENANCE,0.683,2015-11-01
V0462,Bharat Services 462,Bharat Services 462,PARTNERSHIP,KA-NORTH,KA-NORTH,ROAD_CONSTRUCTION,WATER_INFRASTRUCTURE,0.616,2014-05-11
V0463,Crest Services 463,Crest Services 463,COMPANY,KA-CENTRAL,KA-CENTRAL,MEDICAL_SUPPLIES,LAB_EQUIPMENT,0.711,2012-11-09
V0464,Delta Services 464,Delta Services 464,COMPANY,AP-SOUTH,AP-SOUTH,CIVIL_MAINTENANCE,ROAD_CONSTRUCTION,0.818,2016-06-25
V0465,Eastern Services 465,Eastern Services 465,COMPANY,KA-CENTRAL,KA-CENTRAL,IT_SERVICES,LAB_EQUIPMENT,0.835,2019-05-19
V0466,Frontier Services 466,Frontier Services 466,PARTNERSHIP,KA-NORTH,KA-NORTH,ELECTRICAL_EQUIPMENT,IT_SERVICES,0.707,2013-11-24
V0467,Galaxy Services 467,Galaxy Services 467,PROPRIETORSHIP,KA-CENTRAL,KA-CENTRAL,ELECTRICAL_EQUIPMENT,IT_SERVICES,0.67,2015-09-30
V0468,Horizon Services 468,Horizon Services 468,PARTNERSHIP,KA-CENTRAL,KA-CENTRAL,CIVIL_MAINTENANCE,BUILDING_CONSTRUCTION,0.722,2014-07-08
V0469,Indus Services 469,Indus Services 469,PROPRIETORSHIP,KA-NORTH,KA-NORTH,MEDICAL_SUPPLIES,LAB_EQUIPMENT,0.709,2013-03-02
V0470,Jupiter Services 470,Jupiter Services 470,COMPANY,KA-BENGALURU,KA-BENGALURU,ROAD_CONSTRUCTION,WATER_INFRASTRUCTURE,0.809,2012-12-10
V0471,Kaveri Services 471,Kaveri Services 471,COMPANY,AP-SOUTH,AP-SOUTH,LAB_EQUIPMENT,MEDICAL_SUPPLIES,0.932,2012-03-18
V0472,Lotus Services 472,Lotus Services 472,COMPANY,KA-SOUTH,KA-SOUTH,VEHICLE_SUPPLIES,CIVIL_MAINTENANCE,0.825,2019-02-03
V0473,Metro Services 473,Metro Services 473,COMPANY,KA-BENGALURU,KA-BENGALURU,FURNITURE,BUILDING_CONSTRUCTION,0.509,2014-06-13
V0474,National Services 474,National Services 474,PARTNERSHIP,AP-SOUTH,AP-SOUTH,BUILDING_CONSTRUCTION,CIVIL_MAINTENANCE,0.653,2013-10-27
V0475,Omega Services 475,Omega Services 475,COMPANY,KA-NORTH,KA-NORTH,LAB_EQUIPMENT,MEDICAL_SUPPLIES,0.917,2014-12-21
V0476,Prime Services 476,Prime Services 476,PARTNERSHIP,KA-SOUTH,KA-SOUTH,ROAD_CONSTRUCTION,CIVIL_MAINTENANCE,0.735,2017-06-29
V0477,Quantum Services 477,Quantum Services 477,COMPANY,KA-SOUTH,KA-SOUTH,ROAD_CONSTRUCTION,CIVIL_MAINTENANCE,0.562,2020-01-17
V0478,Raven Services 478,Raven Services 478,PARTNERSHIP,KA-NORTH,KA-NORTH,WATER_INFRASTRUCTURE,ROAD_CONSTRUCTION,0.761,2024-02-09
V0479,Summit Services 479,Summit Services 479,PARTNERSHIP,KA-BENGALURU,KA-BENGALURU,LAB_EQUIPMENT,IT_SERVICES,0.957,2024-03-14
V0480,Vertex Services 480,Vertex Services 480,COMPANY,KA-BENGALURU,KA-BENGALURU,ROAD_CONSTRUCTION,WATER_INFRASTRUCTURE,0.668,2015-04-07
V0481,Apex Infrastructure 481,Apex Infrastructure 481,PROPRIETORSHIP,KA-NORTH,KA-NORTH,LAB_EQUIPMENT,MEDICAL_SUPPLIES,0.99,2017-12-10
V0482,Bharat Infrastructure 482,Bharat Infrastructure 482,COMPANY,KA-NORTH,KA-NORTH,LAB_EQUIPMENT,IT_SERVICES,0.897,2012-06-30
V0483,Crest Infrastructure 483,Crest Infrastructure 483,COMPANY,KA-CENTRAL,KA-CENTRAL,WATER_INFRASTRUCTURE,CIVIL_MAINTENANCE,0.844,2019-03-02
V0484,Delta Infrastructure 484,Delta Infrastructure 484,PARTNERSHIP,AP-SOUTH,AP-SOUTH,CIVIL_MAINTENANCE,ROAD_CONSTRUCTION,0.76,2016-03-18
V0485,Eastern Infrastructure 485,Eastern Infrastructure 485,COMPANY,KA-BENGALURU,KA-BENGALURU,ELECTRICAL_EQUIPMENT,CIVIL_MAINTENANCE,0.897,2024-04-16
V0486,Frontier Infrastructure 486,Frontier Infrastructure 486,PROPRIETORSHIP,KA-BENGALURU,KA-BENGALURU,LAB_EQUIPMENT,MEDICAL_SUPPLIES,0.869,2023-11-10
V0487,Galaxy Infrastructure 487,Galaxy Infrastructure 487,COMPANY,KA-NORTH,KA-NORTH,ROAD_CONSTRUCTION,CIVIL_MAINTENANCE,0.684,2025-02-18
V0488,Horizon Infrastructure 488,Horizon Infrastructure 488,COMPANY,KA-SOUTH,KA-SOUTH,VEHICLE_SUPPLIES,CIVIL_MAINTENANCE,0.845,2018-04-15
V0489,Indus Infrastructure 489,Indus Infrastructure 489,COMPANY,AP-SOUTH,AP-SOUTH,WATER_INFRASTRUCTURE,CIVIL_MAINTENANCE,0.877,2014-10-06
V0490,Jupiter Infrastructure 490,Jupiter Infrastructure 490,COMPANY,KA-BENGALURU,KA-BENGALURU,MEDICAL_SUPPLIES,LAB_EQUIPMENT,0.771,2017-07-13
V0491,Kaveri Infrastructure 491,Kaveri Infrastructure 491,COMPANY,KA-NORTH,KA-NORTH,MEDICAL_SUPPLIES,LAB_EQUIPMENT,0.794,2020-06-12
V0492,Lotus Infrastructure 492,Lotus Infrastructure 492,PROPRIETORSHIP,KA-NORTH,KA-NORTH,VEHICLE_SUPPLIES,CIVIL_MAINTENANCE,0.668,2012-11-04
V0493,Metro Infrastructure 493,Metro Infrastructure 493,COMPANY,KA-SOUTH,KA-SOUTH,CIVIL_MAINTENANCE,BUILDING_CONSTRUCTION,0.602,2018-03-16
V0494,National Infrastructure 494,National Infrastructure 494,PROPRIETORSHIP,KA-CENTRAL,KA-CENTRAL,IT_SERVICES,LAB_EQUIPMENT,0.85,2018-12-19
V0495,Omega Infrastructure 495,Omega Infrastructure 495,COMPANY,KA-CENTRAL,KA-CENTRAL,ELECTRICAL_EQUIPMENT,CIVIL_MAINTENANCE,0.871,2018-05-14
V0496,Prime Infrastructure 496,Prime Infrastructure 496,PARTNERSHIP,KA-NORTH,KA-NORTH,WATER_INFRASTRUCTURE,CIVIL_MAINTENANCE,0.725,2017-01-09
V0497,Quantum Infrastructure 497,Quantum Infrastructure 497,PROPRIETORSHIP,KA-BENGALURU,KA-BENGALURU,IT_SERVICES,LAB_EQUIPMENT,0.916,2014-01-19
V0498,Raven Infrastructure 498,Raven Infrastructure 498,COMPANY,KA-SOUTH,KA-SOUTH,MEDICAL_SUPPLIES,LAB_EQUIPMENT,0.873,2020-06-14
V0499,Summit Infrastructure 499,Summit Infrastructure 499,COMPANY,KA-SOUTH,KA-SOUTH,LAB_EQUIPMENT,MEDICAL_SUPPLIES,0.811,2024-01-08
V0500,Vertex Infrastructure 500,Vertex Infrastructure 500,PROPRIETORSHIP,KA-CENTRAL,KA-CENTRAL,IT_SERVICES,LAB_EQUIPMENT,0.716,2014-04-24
V0501,Apex Engineering 501,Apex Engineering 501,PROPRIETORSHIP,KA-SOUTH,KA-SOUTH,ELECTRICAL_EQUIPMENT,IT_SERVICES,0.733,2019-10-17
V0502,Bharat Engineering 502,Bharat Engineering 502,COMPANY,KA-NORTH,KA-NORTH,IT_SERVICES,ELECTRICAL_EQUIPMENT,0.823,2019-05-18
V0503,Crest Engineering 503,Crest Engineering 503,COMPANY,KA-BENGALURU,KA-BENGALURU,IT_SERVICES,LAB_EQUIPMENT,0.809,2012-09-24
V0504,Delta Engineering 504,Delta Engineering 504,COMPANY,KA-NORTH,KA-NORTH,FURNITURE,BUILDING_CONSTRUCTION,0.726,2018-11-18
V0505,Eastern Engineering 505,Eastern Engineering 505,COMPANY,KA-SOUTH,KA-SOUTH,MEDICAL_SUPPLIES,LAB_EQUIPMENT,0.871,2016-04-08
V0506,Frontier Engineering 506,Frontier Engineering 506,COMPANY,KA-CENTRAL,KA-CENTRAL,CIVIL_MAINTENANCE,ROAD_CONSTRUCTION,0.631,2024-12-26
V0507,Galaxy Engineering 507,Galaxy Engineering 507,PARTNERSHIP,TN-NORTH,TN-NORTH,IT_SERVICES,ELECTRICAL_EQUIPMENT,0.739,2012-11-10
V0508,Horizon Engineering 508,Horizon Engineering 508,COMPANY,KA-CENTRAL,KA-CENTRAL,WATER_INFRASTRUCTURE,ROAD_CONSTRUCTION,0.581,2018-03-18
V0509,Indus Engineering 509,Indus Engineering 509,COMPANY,KA-NORTH,KA-NORTH,ELECTRICAL_EQUIPMENT,CIVIL_MAINTENANCE,0.771,2013-07-02
V0510,Jupiter Engineering 510,Jupiter Engineering 510,COMPANY,TN-NORTH,TN-NORTH,WATER_INFRASTRUCTURE,ROAD_CONSTRUCTION,0.78,2012-01-06
V0511,Kaveri Engineering 511,Kaveri Engineering 511,COMPANY,AP-SOUTH,AP-SOUTH,CIVIL_MAINTENANCE,ROAD_CONSTRUCTION,0.747,2014-03-21
V0512,Lotus Engineering 512,Lotus Engineering 512,COMPANY,AP-SOUTH,AP-SOUTH,ELECTRICAL_EQUIPMENT,CIVIL_MAINTENANCE,0.84,2023-04-23
V0513,Metro Engineering 513,Metro Engineering 513,COMPANY,KA-NORTH,KA-NORTH,ELECTRICAL_EQUIPMENT,IT_SERVICES,0.964,2015-10-20
V0514,National Engineering 514,National Engineering 514,COMPANY,KA-SOUTH,KA-SOUTH,IT_SERVICES,LAB_EQUIPMENT,0.798,2012-05-10
V0515,Omega Engineering 515,Omega Engineering 515,COMPANY,AP-SOUTH,AP-SOUTH,CIVIL_MAINTENANCE,BUILDING_CONSTRUCTION,0.755,2023-10-14
V0516,Prime Engineering 516,Prime Engineering 516,PARTNERSHIP,KA-BENGALURU,KA-BENGALURU,ROAD_CONSTRUCTION,WATER_INFRASTRUCTURE,0.724,2012-01-05
V0517,Quantum Engineering 517,Quantum Engineering 517,COMPANY,KA-BENGALURU,KA-BENGALURU,ROAD_CONSTRUCTION,WATER_INFRASTRUCTURE,0.851,2014-07-18
V0518,Raven Engineering 518,Raven Engineering 518,COMPANY,KA-BENGALURU,KA-BENGALURU,ELECTRICAL_EQUIPMENT,CIVIL_MAINTENANCE,0.703,2015-10-04
V0519,Summit Engineering 519,Summit Engineering 519,COMPANY,KA-SOUTH,KA-SOUTH,IT_SERVICES,ELECTRICAL_EQUIPMENT,0.721,2024-04-13
V0520,Vertex Engineering 520,Vertex Engineering 520,PARTNERSHIP,KA-BENGALURU,KA-BENGALURU,CIVIL_MAINTENANCE,ROAD_CONSTRUCTION,0.674,2019-11-02
V0521,Apex Enterprises 521,Apex Enterprises 521,PARTNERSHIP,KA-BENGALURU,KA-BENGALURU,IT_SERVICES,LAB_EQUIPMENT,0.775,2013-02-25
V0522,Bharat Enterprises 522,Bharat Enterprises 522,COMPANY,KA-NORTH,KA-NORTH,BUILDING_CONSTRUCTION,ELECTRICAL_EQUIPMENT,0.576,2013-12-05
V0523,Crest Enterprises 523,Crest Enterprises 523,COMPANY,KA-BENGALURU,KA-BENGALURU,FURNITURE,BUILDING_CONSTRUCTION,0.664,2013-01-03
V0524,Delta Enterprises 524,Delta Enterprises 524,COMPANY,AP-SOUTH,AP-SOUTH,CIVIL_MAINTENANCE,ROAD_CONSTRUCTION,0.565,2018-05-05
V0525,Eastern Enterprises 525,Eastern Enterprises 525,COMPANY,KA-SOUTH,KA-SOUTH,WATER_INFRASTRUCTURE,ROAD_CONSTRUCTION,0.747,2015-12-08
V0526,Frontier Enterprises 526,Frontier Enterprises 526,COMPANY,KA-SOUTH,KA-SOUTH,ROAD_CONSTRUCTION,CIVIL_MAINTENANCE,0.635,2015-08-09
V0527,Galaxy Enterprises 527,Galaxy Enterprises 527,COMPANY,AP-SOUTH,AP-SOUTH,LAB_EQUIPMENT,IT_SERVICES,0.906,2015-01-30
V0528,Horizon Enterprises 528,Horizon Enterprises 528,PROPRIETORSHIP,KA-CENTRAL,KA-CENTRAL,MEDICAL_SUPPLIES,LAB_EQUIPMENT,0.677,2015-11-13
V0529,Indus Enterprises 529,Indus Enterprises 529,PARTNERSHIP,KA-NORTH,KA-NORTH,LAB_EQUIPMENT,MEDICAL_SUPPLIES,0.913,2022-03-27
V0530,Jupiter Enterprises 530,Jupiter Enterprises 530,COMPANY,KA-SOUTH,KA-SOUTH,VEHICLE_SUPPLIES,CIVIL_MAINTENANCE,0.924,2023-11-08
V0531,Kaveri Enterprises 531,Kaveri Enterprises 531,PROPRIETORSHIP,KA-BENGALURU,KA-BENGALURU,WATER_INFRASTRUCTURE,ROAD_CONSTRUCTION,0.868,2022-02-01
V0532,Lotus Enterprises 532,Lotus Enterprises 532,COMPANY,KA-SOUTH,KA-SOUTH,VEHICLE_SUPPLIES,CIVIL_MAINTENANCE,0.84,2015-10-07
V0533,Metro Enterprises 533,Metro Enterprises 533,COMPANY,KA-SOUTH,KA-SOUTH,VEHICLE_SUPPLIES,CIVIL_MAINTENANCE,0.854,2020-05-13
V0534,National Enterprises 534,National Enterprises 534,PARTNERSHIP,TN-NORTH,TN-NORTH,IT_SERVICES,LAB_EQUIPMENT,0.8,2019-11-17
V0535,Omega Enterprises 535,Omega Enterprises 535,COMPANY,AP-SOUTH,AP-SOUTH,MEDICAL_SUPPLIES,LAB_EQUIPMENT,0.838,2020-12-14
V0536,Prime Enterprises 536,Prime Enterprises 536,COMPANY,KA-BENGALURU,KA-BENGALURU,MEDICAL_SUPPLIES,LAB_EQUIPMENT,0.801,2016-02-12
V0537,Quantum Enterprises 537,Quantum Enterprises 537,COMPANY,TN-NORTH,TN-NORTH,WATER_INFRASTRUCTURE,CIVIL_MAINTENANCE,0.894,2023-07-03
V0538,Raven Enterprises 538,Raven Enterprises 538,PROPRIETORSHIP,KA-SOUTH,KA-SOUTH,LAB_EQUIPMENT,MEDICAL_SUPPLIES,0.845,2018-02-14
V0539,Summit Enterprises 539,Summit Enterprises 539,PROPRIETORSHIP,KA-SOUTH,KA-SOUTH,IT_SERVICES,LAB_EQUIPMENT,0.869,2019-02-15
V0540,Vertex Enterprises 540,Vertex Enterprises 540,COMPANY,KA-BENGALURU,KA-BENGALURU,LAB_EQUIPMENT,MEDICAL_SUPPLIES,0.85,2023-01-26
V0541,Apex Solutions 541,Apex Solutions 541,COMPANY,AP-SOUTH,AP-SOUTH,CIVIL_MAINTENANCE,BUILDING_CONSTRUCTION,0.694,2024-10-04
V0542,Bharat Solutions 542,Bharat Solutions 542,PARTNERSHIP,TN-NORTH,TN-NORTH,CIVIL_MAINTENANCE,ROAD_CONSTRUCTION,0.71,2014-07-10
V0543,Crest Solutions 543,Crest Solutions 543,COMPANY,KA-BENGALURU,KA-BENGALURU,MEDICAL_SUPPLIES,LAB_EQUIPMENT,0.675,2021-12-25
V0544,Delta Solutions 544,Delta Solutions 544,COMPANY,KA-BENGALURU,KA-BENGALURU,WATER_INFRASTRUCTURE,CIVIL_MAINTENANCE,0.75,2016-09-29
V0545,Eastern Solutions 545,Eastern Solutions 545,COMPANY,AP-SOUTH,AP-SOUTH,LAB_EQUIPMENT,IT_SERVICES,0.98,2021-11-22
V0546,Frontier Solutions 546,Frontier Solutions 546,COMPANY,KA-NORTH,KA-NORTH,FURNITURE,BUILDING_CONSTRUCTION,0.583,2016-11-21
V0547,Galaxy Solutions 547,Galaxy Solutions 547,PARTNERSHIP,KA-CENTRAL,KA-CENTRAL,ROAD_CONSTRUCTION,WATER_INFRASTRUCTURE,0.8,2017-11-15
V0548,Horizon Solutions 548,Horizon Solutions 548,COMPANY,KA-CENTRAL,KA-CENTRAL,BUILDING_CONSTRUCTION,ELECTRICAL_EQUIPMENT,0.629,2013-01-23
V0549,Indus Solutions 549,Indus Solutions 549,COMPANY,KA-SOUTH,KA-SOUTH,LAB_EQUIPMENT,IT_SERVICES,0.97,2017-02-27
V0550,Jupiter Solutions 550,Jupiter Solutions 550,COMPANY,KA-BENGALURU,KA-BENGALURU,CIVIL_MAINTENANCE,ROAD_CONSTRUCTION,0.672,2015-04-17
