vendor_id,history_months,recent_months,historical_tenders,recent_tenders,mahalanobis_distance,cusum_score,persistence_score,regime_signal,z_participation_intensity,z_win_rate,z_bid_position,z_market_breadth,z_network_exposure,historical_participation_intensity,historical_win_rate,historical_bid_position,historical_market_breadth,historical_network_exposure,recent_participation_intensity,recent_win_rate,recent_bid_position,recent_market_breadth,recent_network_exposure,explanation
V0001,14,15,19,43,5.0173,1.8179,0.3467,0.6359,2.1447,0.395,0.2374,-0.9302,-1.3353,0.0183,0.0671,0.428,1.0,7.0526,0.0352,0.1363,0.4405,0.907,4.8605,participation intensity increased (2.1 robust deviations)
V0002,8,9,10,12,1.4506,0.3342,0.1333,0.2358,0.2913,-0.2381,0.1188,0.0,-1.1024,0.0171,0.0795,0.5629,1.0,6.2,0.0166,0.0152,0.6008,1.0,4.3333,no single dominant feature; multivariate behavioral shift
V0003,11,12,20,20,1.9087,0.3627,0.1333,0.2933,0.3523,1.0549,-0.24,0.0,0.3238,0.0243,0.1231,0.5735,0.9,5.15,0.0216,0.2769,0.4129,1.0,5.8,no single dominant feature; multivariate behavioral shift
V0004,10,10,14,12,0.903,0.211,0.1,0.1708,0.1982,-0.2503,0.59,-0.8333,0.1349,0.0184,0.1962,0.4381,0.8571,5.2857,0.0154,0.1068,0.6249,0.9167,5.5,no single dominant feature; multivariate behavioral shift
V0005,8,9,15,16,0.7853,0.411,0.1333,0.1824,0.1247,-0.2965,0.5528,-0.625,0.0241,0.026,0.255,0.4792,0.9333,5.2,0.0215,0.1979,0.5196,0.9375,5.3125,no single dominant feature; multivariate behavioral shift
V0006,7,7,8,8,2.5557,0.5577,0.2,0.3464,0.027,0.4464,-0.7375,0.0,-1.2647,0.0158,0.0268,0.704,1.0,6.0,0.0146,0.0982,0.4881,1.0,4.125,no single dominant feature; multivariate behavioral shift
V0007,12,12,18,21,1.3883,0.401,0.15,0.2583,0.5954,0.5047,-0.526,0.0,-0.3671,0.0203,0.1218,0.6065,0.9444,5.7222,0.0218,0.1823,0.43,1.0,6.0476,no single dominant feature; multivariate behavioral shift
V0008,6,6,9,8,1.7494,2.4467,0.3,0.431,0.3012,-0.2521,-1.4192,0.0,5.5083,0.0204,0.0902,0.6028,0.7778,5.0,0.0176,0.0252,0.5922,1.0,6.875,network exposure increased (5.5 robust deviations)
V0009,6,7,7,10,1.1431,0.3105,0.1429,0.1942,0.4665,0.1155,-0.4796,0.0,-0.8094,0.0151,0.2624,0.5774,1.0,5.8571,0.0183,0.2132,0.45,1.0,4.9,no single dominant feature; multivariate behavioral shift
V0010,15,16,39,57,1.3904,0.3812,0.1375,0.2527,0.5621,0.2381,-0.027,-1.4035,-0.4733,0.0339,0.1042,0.5402,0.8974,4.4872,0.0447,0.122,0.549,0.8596,4.2982,no single dominant feature; multivariate behavioral shift
V0011,12,12,24,16,1.1296,0.053,0.0,0.1451,-0.4202,-0.3901,-0.0658,-1.25,0.1927,0.0272,0.2883,0.4416,0.9167,4.7917,0.0169,0.2568,0.4069,0.875,5.125,no single dominant feature; multivariate behavioral shift
V0012,8,8,10,9,1.0069,0.1933,0.1,0.1685,0.0342,-0.4812,0.3394,0.0,-0.3653,0.0159,0.1645,0.3795,1.0,5.6,0.0137,0.0421,0.4667,1.0,4.6667,no single dominant feature; multivariate behavioral shift
V0013,11,11,16,16,0.6531,0.2757,0.0909,0.1498,0.3414,-0.1867,0.058,-0.625,-0.0843,0.0203,0.233,0.4422,0.9375,4.875,0.018,0.142,0.5215,0.9375,4.875,no single dominant feature; multivariate behavioral shift
V0014,12,12,22,24,0.4402,0.1042,0.05,0.0883,0.0593,0.0952,-0.1502,-0.4167,-0.1546,0.0237,0.0901,0.5864,0.9545,5.2273,0.0245,0.0841,0.5648,0.9583,5.0417,no single dominant feature; multivariate behavioral shift
V0015,4,5,5,7,7.0232,1.2742,0.28,0.5113,0.3923,-1.226,2.9966,-1.4286,0.2168,0.0168,0.5,0.1786,1.0,4.8,0.017,0.3462,0.5177,0.8571,5.1429,bid positioning increased (3.0 robust deviations)
V0016,13,13,23,27,1.7913,0.3816,0.1692,0.2954,0.0565,-0.3475,-0.3095,-0.3704,0.0167,0.0235,0.2993,0.4667,1.0,5.1304,0.0259,0.263,0.4195,0.963,5.037,no single dominant feature; multivariate behavioral shift
V0017,4,5,4,5,0.9876,0.2374,0.16,0.1629,-0.025,0.2165,0.6183,0.0,-0.5666,0.0132,0.2333,0.3708,1.0,6.5,0.0127,0.2121,0.55,1.0,4.4,no single dominant feature; multivariate behavioral shift
V0018,5,5,6,6,1.4017,0.4925,0.12,0.2243,0.0954,0.2381,-0.0969,0.0,1.4614,0.0157,0.1667,0.5714,1.0,4.1667,0.0145,0.1667,0.459,1.0,6.1667,no single dominant feature; multivariate behavioral shift
V0019,9,9,12,11,1.5577,0.4974,0.1556,0.2787,0.1706,-0.0694,-1.4294,0.0,0.2453,0.0174,0.1546,0.6329,1.0,5.0,0.0149,0.1049,0.4071,1.0,4.9091,no single dominant feature; multivariate behavioral shift
V0020,15,16,35,50,1.3588,0.3777,0.1125,0.2431,0.7432,-0.8267,0.5058,-0.6,-0.2098,0.0302,0.2749,0.3939,0.8857,4.6571,0.0391,0.1655,0.5151,0.94,4.44,no single dominant feature; multivariate behavioral shift
V0021,6,7,7,8,4.0297,1.4813,0.2857,0.4969,-0.1536,0.8571,-2.695,0.0,-1.0377,0.0163,0.0615,0.6213,1.0,6.8571,0.0135,0.2,0.3619,1.0,5.0,bid positioning decreased (2.7 robust deviations)
V0022,9,9,13,11,4.8035,0.2536,0.1111,0.4075,0.1947,0.9244,0.0346,-0.9091,-0.3679,0.0188,0.1053,0.4925,1.0,5.3846,0.0155,0.2353,0.4085,0.9091,4.9091,no single dominant feature; multivariate behavioral shift
V0023,12,13,23,21,0.5399,0.1698,0.0769,0.1174,0.0085,-0.0433,0.1514,0.0,0.5048,0.0253,0.21,0.4373,0.913,4.4783,0.0192,0.1515,0.4852,1.0,5.381,no single dominant feature; multivariate behavioral shift
V0024,12,13,23,24,1.092,0.1853,0.0615,0.1772,-0.2667,-0.2259,0.3639,-0.8333,-0.3181,0.0258,0.1211,0.3229,0.913,6.1304,0.0225,0.0504,0.3588,0.9167,5.2917,no single dominant feature; multivariate behavioral shift
V0025,13,13,32,29,1.7816,0.5793,0.2,0.3274,-0.5844,0.5902,0.2312,-2.4138,-0.4012,0.0327,0.1311,0.5219,0.875,5.0312,0.0271,0.1995,0.5166,0.7586,4.2069,market breadth decreased (2.4 robust deviations)
V0026,12,13,21,23,1.0101,0.3825,0.1077,0.2081,0.5493,0.4433,-0.2919,0.0,-0.217,0.0219,0.2407,0.5167,0.9524,5.6667,0.023,0.2586,0.47,1.0,5.1304,no single dominant feature; multivariate behavioral shift
V0027,11,12,14,18,1.2316,0.4116,0.1833,0.2532,0.4861,0.3385,-0.3393,0.0,0.5433,0.0172,0.2156,0.5548,1.0,4.3571,0.0189,0.2214,0.499,1.0,5.6111,no single dominant feature; multivariate behavioral shift
V0028,12,12,22,23,1.0037,0.3762,0.0833,0.2005,0.3623,0.3678,-0.2443,-0.8696,-0.1564,0.0242,0.1405,0.6147,0.9545,5.1818,0.0248,0.1701,0.5752,0.913,4.7391,no single dominant feature; multivariate behavioral shift
V0029,11,12,17,16,3.3508,2.0662,0.4,0.5997,-0.7314,1.7149,-1.7843,0.0,-0.7264,0.0215,0.0988,0.6278,1.0,6.1176,0.0169,0.3306,0.4147,1.0,4.75,bid positioning decreased (1.8 robust deviations); win rate increased (1.7 robust deviations)
V0030,7,7,10,8,1.2739,0.2434,0.1143,0.1973,0.153,-0.7494,-0.0383,0.0,-0.7869,0.0198,0.375,0.5189,0.9,5.3,0.015,0.2857,0.4716,1.0,4.75,no single dominant feature; multivariate behavioral shift
V0031,6,7,6,7,1.0379,0.0779,0.0857,0.1418,0.0409,0.7861,-0.2438,0.0,-0.1285,0.0128,0.359,0.3365,1.0,4.6667,0.0133,0.4083,0.2372,1.0,4.4286,no single dominant feature; multivariate behavioral shift
V0032,5,6,6,8,1.1786,0.8805,0.1667,0.2535,0.2251,0.6122,1.4333,0.0,-0.4637,0.0173,0.3452,0.2847,0.8333,5.3333,0.0163,0.3673,0.3438,1.0,4.625,no single dominant feature; multivariate behavioral shift
V0033,9,10,12,13,4.0852,0.4196,0.16,0.4172,0.1544,0.9293,0.0272,-0.7692,-0.6226,0.0179,0.04,0.5155,0.8333,5.5833,0.0158,0.1958,0.5058,0.9231,3.8462,no single dominant feature; multivariate behavioral shift
V0034,12,13,24,29,2.486,0.9146,0.2615,0.4309,0.4097,1.473,-0.7131,-1.0345,-0.2863,0.0259,0.1528,0.606,0.9167,4.3333,0.0273,0.3596,0.3964,0.8966,4.4483,no single dominant feature; multivariate behavioral shift
V0035,8,9,10,14,9.1067,0.6942,0.3111,0.5627,0.5738,1.6071,-0.3729,-1.4286,0.4336,0.0169,0.0938,0.6994,1.0,4.8,0.0192,0.375,0.4719,0.8571,5.2857,win rate increased (1.6 robust deviations)
V0038,9,9,13,12,0.7507,0.4692,0.1111,0.1864,0.1765,0.273,0.6856,0.0,0.2248,0.0186,0.1558,0.4186,1.0,4.3077,0.0161,0.1644,0.4851,1.0,4.3333,no single dominant feature; multivariate behavioral shift
V0039,15,15,32,24,0.6884,0.281,0.08,0.1519,-0.3757,0.2772,0.0964,-0.4167,0.121,0.0285,0.157,0.5811,0.9062,4.9688,0.0194,0.1655,0.5714,0.9583,5.6667,no single dominant feature; multivariate behavioral shift
V0040,9,9,19,16,1.4491,0.7568,0.3111,0.3365,-0.3484,0.7699,0.2909,0.0,0.6547,0.0266,0.2217,0.4999,1.0,4.2105,0.0226,0.2974,0.5308,1.0,4.375,no single dominant feature; multivariate behavioral shift
V0041,13,13,17,22,2.6255,0.6696,0.1538,0.3866,0.7622,0.4121,-0.58,-0.4545,-0.438,0.0173,0.0702,0.6021,1.0,6.1176,0.021,0.1291,0.4791,0.9545,5.3636,no single dominant feature; multivariate behavioral shift
V0042,12,12,27,22,0.7987,0.5611,0.0833,0.202,-0.0551,-0.0305,0.0324,-0.9091,-0.1226,0.0308,0.4378,0.2935,0.9259,6.1481,0.0244,0.3732,0.2394,0.9091,6.0455,no single dominant feature; multivariate behavioral shift
V0043,12,12,25,26,2.5563,0.3619,0.0667,0.3222,0.1626,-0.0184,-0.5044,-1.9231,0.0259,0.0274,0.0759,0.5819,0.96,5.68,0.0281,0.0423,0.5116,0.8077,5.7308,market breadth decreased (1.9 robust deviations)
V0044,11,12,16,18,1.0478,0.1637,0.0667,0.1707,0.3216,0.1786,0.3757,-1.1111,0.2848,0.0188,0.1845,0.4204,0.9375,5.625,0.0188,0.1691,0.6309,0.8889,6.5556,no single dominant feature; multivariate behavioral shift
V0046,8,8,11,9,0.6427,0.1103,0.075,0.1129,0.0415,0.0,0.3358,-1.1111,0.1649,0.0178,0.0,0.5619,0.8182,4.9091,0.0141,0.0,0.5669,0.8889,5.5556,no single dominant feature; multivariate behavioral shift
V0047,14,14,22,33,1.5366,0.5769,0.0857,0.2778,0.8136,0.3876,-0.2888,-1.5152,0.0409,0.0213,0.1422,0.5859,0.9545,4.9091,0.0295,0.179,0.5124,0.8485,4.8485,market breadth decreased (1.5 robust deviations)
V0049,6,7,8,9,6.2676,0.3931,0.2,0.438,0.0126,1.591,-0.5576,0.0,0.4796,0.0187,0.1008,0.599,0.75,4.5,0.0151,0.3608,0.3583,1.0,4.6667,win rate increased (1.6 robust deviations)
V0050,12,12,27,28,1.5468,0.3223,0.1667,0.2661,-0.0016,0.7385,0.0627,-0.3571,-0.6923,0.03,0.1207,0.5241,0.963,5.5556,0.0292,0.2053,0.4837,0.9643,4.6786,no single dominant feature; multivariate behavioral shift
V0051,9,9,36,15,1.1575,0.3861,0.1111,0.2177,-0.2054,0.028,0.3793,-0.5396,0.6745,0.0539,0.0826,0.381,0.6944,4.6944,0.0212,0.07,0.4677,0.8667,6.0,no single dominant feature; multivariate behavioral shift
V0052,7,8,32,14,2.3909,1.0636,0.375,0.4252,-0.2555,1.1812,0.3472,1.0138,1.1242,0.0603,0.04,0.4763,0.6562,4.5938,0.0232,0.1761,0.4932,0.9286,6.0,no single dominant feature; multivariate behavioral shift
V0053,8,8,33,11,1.3359,1.2129,0.25,0.3432,-0.3973,0.4418,1.5484,0.1314,0.4889,0.0549,0.0326,0.5371,0.6667,4.6061,0.0167,0.0749,0.6997,0.9091,5.5455,bid positioning increased (1.5 robust deviations)
V0054,9,10,14,19,1.6254,0.5789,0.16,0.2952,0.8071,0.6649,-0.0227,0.0,-0.3727,0.0203,0.0955,0.5602,0.9286,5.7143,0.023,0.1964,0.4925,1.0,4.8947,no single dominant feature; multivariate behavioral shift
V0055,6,6,8,8,4.4803,1.0781,0.2333,0.471,0.1636,0.8929,-1.7847,0.0,-0.7066,0.0181,0.0536,0.825,1.0,5.375,0.0159,0.1964,0.4506,1.0,4.875,bid positioning decreased (1.8 robust deviations)
V0056,5,5,9,8,0.882,0.1856,0.16,0.1528,-0.4036,0.2101,-0.1472,0.0,-0.4216,0.0233,0.1137,0.5348,0.8889,6.5556,0.0186,0.1218,0.5083,1.0,6.375,no single dominant feature; multivariate behavioral shift
V0057,6,7,7,8,1.0293,0.4197,0.1143,0.1907,0.0376,0.5714,0.4751,0.0,0.1686,0.0159,0.1692,0.433,0.8571,7.1429,0.0141,0.2286,0.5062,1.0,6.625,no single dominant feature; multivariate behavioral shift
V0058,6,6,7,10,4.7103,0.2578,0.1,0.3652,0.7689,-0.5672,-0.5474,-1.0,0.0674,0.0149,0.2081,0.525,1.0,4.7143,0.0201,0.0441,0.3964,0.9,5.1,no single dominant feature; multivariate behavioral shift
V0059,9,9,18,14,1.2206,0.9837,0.1333,0.2951,-0.3633,-0.3705,0.3825,-0.7143,-0.2891,0.0252,0.2057,0.4827,0.9444,5.8333,0.0192,0.0969,0.5655,0.9286,5.7857,no single dominant feature; multivariate behavioral shift
V0060,6,7,9,9,1.4981,1.5823,0.2286,0.3545,0.0312,0.3175,0.9614,-1.1111,1.986,0.0203,0.2222,0.3995,0.8889,5.8889,0.0157,0.2222,0.5315,0.8889,7.2222,network exposure increased (2.0 robust deviations)
V0061,10,11,20,17,0.6714,0.7858,0.2182,0.2468,-0.5343,0.4099,-0.0649,0.0,0.2777,0.026,0.2547,0.3882,0.95,5.1,0.0203,0.2879,0.3381,1.0,5.0588,no single dominant feature; multivariate behavioral shift
V0062,10,11,21,19,1.3615,0.6087,0.2182,0.2988,-0.1543,0.6138,0.8223,-0.1893,0.0568,0.0278,0.15,0.301,0.8095,5.1905,0.0227,0.202,0.4372,0.9474,5.1053,no single dominant feature; multivariate behavioral shift
V0063,9,10,15,15,2.7213,1.0131,0.36,0.4654,0.3185,1.5238,0.5119,-0.6667,-1.0792,0.0219,0.3048,0.2078,0.8667,5.5333,0.0173,0.4952,0.2179,0.9333,4.4,win rate increased (1.5 robust deviations)
V0064,9,10,19,21,0.8582,0.2358,0.12,0.1693,-0.0944,0.3175,-0.1358,-0.9524,-0.3212,0.0284,0.11,0.6272,0.8421,5.7368,0.0257,0.1389,0.5698,0.9048,5.2857,no single dominant feature; multivariate behavioral shift
V0065,9,9,12,14,2.1998,0.7795,0.2444,0.3813,0.6766,1.2857,-1.1882,0.0,-0.0964,0.0181,0.2137,0.6278,1.0,6.3333,0.0201,0.3923,0.3096,1.0,5.7143,no single dominant feature; multivariate behavioral shift
V0066,12,13,23,30,1.7848,0.3506,0.1385,0.283,0.456,-0.1745,-0.1146,-1.6667,-0.0169,0.0256,0.2882,0.5327,0.9565,4.6957,0.0279,0.1766,0.5545,0.8333,4.9667,market breadth decreased (1.7 robust deviations)
V0067,5,6,9,8,12.6762,0.9049,0.1667,0.5113,-0.5567,1.5756,-0.0115,-2.5,0.2891,0.023,0.0706,0.5515,1.0,5.5556,0.0167,0.2899,0.4987,0.75,6.0,market breadth decreased (2.5 robust deviations); win rate increased (1.6 robust deviations)
V0069,5,6,6,9,5.1925,0.3279,0.1667,0.3874,0.6031,-0.6095,0.6987,-1.1111,-1.0492,0.017,0.2333,0.4464,1.0,6.8333,0.0194,0.0533,0.657,0.8889,6.4444,no single dominant feature; multivariate behavioral shift
V0070,6,6,9,8,0.8681,0.1438,0.0667,0.1308,-0.2601,-0.5042,0.2823,0.0,-0.1686,0.0187,0.1804,0.5923,0.8889,5.1111,0.016,0.0504,0.7286,1.0,4.5,no single dominant feature; multivariate behavioral shift
V0071,12,12,22,25,0.6451,0.555,0.0833,0.1837,-0.02,-0.0038,-0.2424,-0.4,0.2968,0.0246,0.1299,0.4964,0.9545,5.7273,0.0252,0.0851,0.3921,0.96,6.08,no single dominant feature; multivariate behavioral shift
V0072,13,14,25,33,2.4513,0.828,0.1714,0.3972,0.2728,1.1229,-0.2032,-1.5152,-1.2672,0.0259,0.1435,0.4653,0.92,6.16,0.0294,0.3192,0.3608,0.8485,5.0909,market breadth decreased (1.5 robust deviations)
V0073,12,13,24,20,3.6715,1.3887,0.3077,0.5482,-0.72,0.7998,-0.9756,0.0,0.1079,0.0273,0.0136,0.6189,0.875,6.2917,0.0191,0.1311,0.517,1.0,6.2,no single dominant feature; multivariate behavioral shift
V0074,8,9,14,14,1.3407,0.7546,0.2,0.2904,-0.5996,0.4605,-0.9664,-0.7143,-0.257,0.0233,0.0821,0.6301,0.9286,7.0,0.0192,0.1321,0.5334,0.9286,6.7857,no single dominant feature; multivariate behavioral shift
V0076,8,8,12,10,3.7622,0.87,0.175,0.4445,0.1668,0.8117,-1.459,0.0,-0.6145,0.0197,0.0303,0.754,0.9167,6.3333,0.016,0.1591,0.4589,1.0,4.8,no single dominant feature; multivariate behavioral shift
V0077,5,6,6,8,1.043,0.1531,0.1,0.1504,0.4154,0.102,-0.7131,0.0,0.0,0.0161,0.1548,0.5516,1.0,4.8333,0.0171,0.1327,0.5469,1.0,5.0,no single dominant feature; multivariate behavioral shift
V0078,9,10,17,19,1.3677,0.3406,0.14,0.2384,0.0802,0.2286,0.1858,-1.0526,0.4828,0.0256,0.2319,0.4873,0.9412,4.3529,0.0242,0.2133,0.4778,0.8947,4.8947,no single dominant feature; multivariate behavioral shift
V0079,9,10,13,17,1.233,0.5045,0.14,0.2468,0.6655,-0.4927,0.191,0.0,0.8888,0.019,0.3368,0.4368,1.0,5.0769,0.0203,0.1478,0.4711,1.0,5.6471,no single dominant feature; multivariate behavioral shift
V0080,10,11,23,16,1.4855,0.2524,0.1273,0.241,-0.5769,-0.9394,-0.0385,0.0,0.3755,0.0298,0.3342,0.4724,1.0,5.6957,0.0191,0.2133,0.4708,1.0,6.5625,no single dominant feature; multivariate behavioral shift
V0081,10,11,11,14,1.4762,0.2502,0.1091,0.2353,0.2382,0.6086,-0.0572,0.0,-0.607,0.0145,0.1153,0.5839,0.9091,6.5455,0.0155,0.198,0.5496,1.0,5.0,no single dominant feature; multivariate behavioral shift
V0082,9,10,13,19,1.8597,0.425,0.1,0.2807,0.7398,-1.0554,0.2231,-0.5263,-0.3372,0.0201,0.4046,0.3269,0.9231,5.2308,0.0227,0.1875,0.499,0.9474,5.0,no single dominant feature; multivariate behavioral shift
V0083,6,6,7,7,0.7192,0.1752,0.1333,0.135,-0.1665,-0.0785,-0.2201,0.0,0.5621,0.0159,0.2527,0.2714,1.0,4.7143,0.0134,0.1758,0.2799,1.0,6.0,no single dominant feature; multivariate behavioral shift
V0085,7,7,9,7,2.5112,0.2797,0.1429,0.2976,-0.0325,0.522,-0.8319,0.0,0.265,0.017,0.025,0.63,0.8889,5.5556,0.013,0.1058,0.4612,1.0,5.8571,no single dominant feature; multivariate behavioral shift
V0086,7,7,10,10,1.9735,0.1822,0.0857,0.2373,0.2057,0.6696,-0.2878,-2.0,-0.5801,0.0192,0.2188,0.5315,0.9,5.6,0.0172,0.2812,0.465,0.8,4.9,market breadth decreased (2.0 robust deviations)
V0087,7,8,9,13,3.7672,0.6157,0.225,0.4164,0.6219,0.0684,0.996,-0.7692,0.7783,0.0173,0.2061,0.3824,1.0,3.8889,0.0196,0.1627,0.5894,0.9231,5.3077,no single dominant feature; multivariate behavioral shift
V0088,11,12,20,18,1.4496,0.6207,0.1833,0.2996,-0.4257,-0.2851,1.2064,0.0,-0.0857,0.0237,0.2348,0.3905,0.95,5.3,0.0186,0.1294,0.5957,1.0,5.3889,no single dominant feature; multivariate behavioral shift
V0089,7,8,7,9,1.183,0.4445,0.175,0.2281,-0.0128,0.1905,0.9739,0.0,0.3747,0.0137,0.2692,0.3073,1.0,5.2857,0.014,0.2333,0.6702,1.0,6.6667,no single dominant feature; multivariate behavioral shift
V0090,8,8,8,13,4.4623,0.2756,0.1,0.3847,0.6199,0.2685,-0.5837,-0.7692,0.1384,0.0128,0.0204,0.5737,1.0,5.25,0.0192,0.0677,0.4295,0.9231,6.3077,no single dominant feature; multivariate behavioral shift
V0091,13,14,35,39,1.0893,1.1487,0.2,0.3229,0.3322,0.3056,0.6709,-1.0256,-0.4225,0.0363,0.087,0.3927,0.8857,6.5714,0.0342,0.1015,0.4392,0.8974,5.1538,no single dominant feature; multivariate behavioral shift
V0092,8,8,10,10,1.1177,0.39,0.15,0.2169,0.2903,-0.0328,0.8669,0.0,0.1927,0.0166,0.3812,0.3604,1.0,4.4,0.0161,0.3187,0.5557,1.0,5.0,no single dominant feature; multivariate behavioral shift
V0093,10,11,16,18,0.9365,0.4879,0.2182,0.2417,0.6367,0.4762,-0.2129,0.0,-0.3248,0.0212,0.254,0.4671,0.875,5.625,0.0203,0.2745,0.5036,1.0,5.2222,no single dominant feature; multivariate behavioral shift
V0094,7,8,8,9,1.4243,0.4069,0.15,0.2388,0.133,-0.0106,0.4445,0.0,-1.0867,0.015,0.3403,0.4126,1.0,6.75,0.0143,0.251,0.5204,1.0,3.7778,no single dominant feature; multivariate behavioral shift
V0096,6,7,7,10,1.4089,0.5343,0.2571,0.2675,0.373,0.7983,-0.7786,0.0,-0.2158,0.0159,0.3167,0.5439,1.0,4.8571,0.018,0.3824,0.4833,1.0,4.1,no single dominant feature; multivariate behavioral shift
V0097,8,8,8,9,1.1918,0.1328,0.075,0.1716,0.0261,0.5266,0.2966,0.0,-0.5114,0.0137,0.1471,0.4323,1.0,5.875,0.0136,0.2039,0.4222,1.0,4.8889,no single dominant feature; multivariate behavioral shift
V0098,7,7,9,7,1.2528,0.1384,0.0857,0.1748,-0.0531,-0.4945,0.8503,0.0,-0.1927,0.0169,0.1833,0.4684,1.0,6.5556,0.013,0.0577,0.7536,1.0,6.7143,no single dominant feature; multivariate behavioral shift
V0099,5,6,5,7,1.8591,0.6198,0.2333,0.2948,0.1051,0.1099,1.1587,0.0,-1.1563,0.0139,0.1818,0.3202,1.0,6.2,0.0146,0.1538,0.6605,1.0,4.2857,no single dominant feature; multivariate behavioral shift
V0100,8,9,11,15,2.5376,0.9575,0.2889,0.4185,0.6031,0.5128,0.3048,0.0,-0.9893,0.0179,0.0271,0.5516,1.0,6.0909,0.0196,0.1172,0.5574,1.0,4.5333,no single dominant feature; multivariate behavioral shift
V0103,4,5,4,7,6.7925,0.234,0.12,0.3813,0.5692,0.4595,0.2361,-1.4286,-0.413,0.0116,0.2636,0.5089,1.0,5.0,0.0176,0.2797,0.6429,0.8571,4.4286,no single dominant feature; multivariate behavioral shift
V0104,6,6,7,9,1.6207,0.0894,0.0333,0.1802,0.4737,0.8571,-0.4035,0.0,-0.1499,0.0155,0.1923,0.5,1.0,5.5714,0.018,0.3,0.3194,1.0,5.5556,no single dominant feature; multivariate behavioral shift
V0106,5,6,6,7,1.0941,0.4435,0.1333,0.1965,0.1823,-0.1437,-0.0991,0.0,-1.5417,0.0156,0.2821,0.4167,1.0,5.8333,0.0145,0.1834,0.4633,1.0,3.7143,network exposure decreased (1.5 robust deviations)
V0107,6,7,8,11,1.7911,0.7361,0.1714,0.2984,0.4949,1.0261,-0.5019,0.0,-1.4103,0.0182,0.1842,0.5201,1.0,5.625,0.019,0.3282,0.4136,1.0,4.4545,no single dominant feature; multivariate behavioral shift
V0110,5,5,8,6,0.9198,0.1478,0.12,0.1429,0.282,0.068,-0.546,0.0,-0.4497,0.0222,0.2347,0.6021,1.0,4.625,0.0156,0.1905,0.5139,1.0,3.6667,no single dominant feature; multivariate behavioral shift
V0112,6,6,8,7,1.4033,0.3512,0.2,0.2336,-0.0664,0.4835,1.0031,0.0,0.1445,0.0187,0.2571,0.3687,0.875,4.5,0.0146,0.2769,0.5381,1.0,4.8571,no single dominant feature; multivariate behavioral shift
V0113,12,12,19,27,5.3782,1.3623,0.3167,0.6069,1.3273,0.175,0.332,-1.1111,-1.51,0.0199,0.1061,0.4887,1.0,6.5263,0.0288,0.1107,0.5059,0.8889,4.4815,network exposure decreased (1.5 robust deviations)
V0114,10,11,15,16,0.6765,0.5039,0.1091,0.1875,-0.1185,0.2325,-0.0663,-0.625,-0.3794,0.0198,0.1982,0.5196,0.9333,6.4,0.0185,0.1891,0.6252,0.9375,6.4375,no single dominant feature; multivariate behavioral shift
V0115,6,7,8,8,2.5321,0.677,0.1429,0.3334,0.0376,1.0714,-1.0135,-1.25,-0.3372,0.0169,0.1786,0.7455,0.875,5.75,0.0142,0.3214,0.3833,0.875,5.625,no single dominant feature; multivariate behavioral shift
V0117,7,8,8,12,1.9118,0.8537,0.2,0.3352,0.6249,0.2937,-1.1901,-0.8333,0.2248,0.0155,0.0214,0.6974,0.875,5.25,0.0196,0.0722,0.5435,0.9167,4.6667,no single dominant feature; multivariate behavioral shift
V0119,14,14,29,35,9.0172,0.8641,0.2286,0.5955,0.2573,-0.3571,0.228,-2.0,-1.2639,0.0266,0.2607,0.4689,1.0,5.8276,0.031,0.125,0.5474,0.8,4.5429,market breadth decreased (2.0 robust deviations)
V0120,14,15,23,21,1.4086,0.6653,0.1333,0.2885,0.1414,0.7792,0.6942,-0.4762,0.0165,0.022,0.185,0.4361,0.913,5.3478,0.0168,0.2727,0.4867,0.9524,5.3333,no single dominant feature; multivariate behavioral shift
V0121,12,12,21,22,1.042,1.0677,0.2333,0.3192,0.3812,0.4402,0.5068,-0.4545,-0.5587,0.0237,0.1947,0.38,0.9524,5.8095,0.0227,0.2234,0.4686,0.9545,4.8182,no single dominant feature; multivariate behavioral shift
V0122,11,12,16,20,1.1521,0.4925,0.1333,0.2433,0.5671,0.4579,-0.6143,0.0,-0.0944,0.0193,0.0758,0.6436,0.9375,4.9375,0.02,0.141,0.561,1.0,5.1,no single dominant feature; multivariate behavioral shift
V0123,11,12,21,24,1.6878,0.1746,0.1,0.2403,-0.1229,0.3524,-0.757,-1.25,-0.1499,0.0249,0.1926,0.546,0.9524,5.0476,0.024,0.2067,0.4694,0.875,5.1667,no single dominant feature; multivariate behavioral shift
V0125,8,9,10,11,1.591,0.1838,0.1111,0.222,0.2076,0.3481,0.0153,0.0,-0.2126,0.0167,0.0179,0.4594,1.0,6.0,0.0151,0.0756,0.4971,1.0,5.4545,no single dominant feature; multivariate behavioral shift
V0126,10,10,12,18,2.8346,0.4838,0.2,0.3884,0.8075,-0.1667,0.3542,-0.5556,-0.5276,0.0165,0.3,0.4046,1.0,6.3333,0.0219,0.1833,0.5245,0.9444,5.7778,no single dominant feature; multivariate behavioral shift
V0127,12,12,24,19,0.9777,0.4104,0.1167,0.2107,-0.0755,0.0824,0.4406,-0.5263,-0.8016,0.0262,0.1233,0.4067,0.9167,5.75,0.0198,0.1079,0.4856,0.9474,4.5789,no single dominant feature; multivariate behavioral shift
V0129,12,13,22,25,1.197,0.4973,0.1077,0.2419,0.0709,0.5638,-0.2376,-0.8,0.4278,0.0245,0.2333,0.4767,0.9545,4.7273,0.025,0.2752,0.4318,0.92,5.24,no single dominant feature; multivariate behavioral shift
V0130,9,9,12,15,1.4016,0.1702,0.0889,0.2053,0.6209,-0.3704,0.2314,0.0,-0.5546,0.0175,0.216,0.4988,0.9167,7.0833,0.0211,0.0899,0.7055,1.0,6.2667,no single dominant feature; multivariate behavioral shift
V0132,12,12,26,32,1.3567,0.2437,0.1,0.2211,0.4593,0.4174,0.0186,-1.5625,-0.5565,0.0297,0.2328,0.4581,0.8462,5.0385,0.032,0.2486,0.4632,0.8438,4.7188,market breadth decreased (1.6 robust deviations)
V0133,11,12,15,22,2.5381,0.7185,0.1833,0.394,0.82,0.3861,0.6704,-0.4545,-0.1073,0.0184,0.1416,0.4649,1.0,5.3333,0.0231,0.1776,0.5004,0.9545,4.6818,no single dominant feature; multivariate behavioral shift
V0134,6,6,6,9,3.7585,0.4823,0.1333,0.3679,0.4929,0.7238,-0.2423,0.0,0.0231,0.013,0.0667,0.5506,1.0,5.8333,0.0178,0.1867,0.4758,1.0,6.5556,no single dominant feature; multivariate behavioral shift
V0135,9,9,14,10,1.6477,0.3805,0.1556,0.2715,-0.0285,-0.8036,0.7983,0.0,-0.4625,0.0203,0.25,0.4149,0.8571,5.6429,0.014,0.0625,0.7959,1.0,5.3,no single dominant feature; multivariate behavioral shift
V0136,9,9,13,11,5.3352,0.4523,0.1778,0.4645,0.1557,0.7563,-0.0572,-0.9091,-0.8278,0.0194,0.0263,0.5905,1.0,4.9231,0.0158,0.1471,0.6144,0.9091,3.5455,no single dominant feature; multivariate behavioral shift
V0137,6,6,7,6,1.1804,0.3716,0.0667,0.188,-0.1059,0.5678,0.6691,0.0,-0.4497,0.0167,0.2959,0.3171,1.0,5.7143,0.0128,0.3205,0.4583,1.0,3.8333,no single dominant feature; multivariate behavioral shift
V0138,6,6,8,10,0.6877,0.2537,0.1,0.1346,0.5547,0.1786,-0.5656,0.0,0.0,0.0189,0.2381,0.5292,0.875,5.25,0.0191,0.2083,0.4393,1.0,5.5,no single dominant feature; multivariate behavioral shift
V0140,5,5,7,7,8.7459,0.7005,0.24,0.4917,0.255,1.46,-1.4434,-1.4286,-0.7708,0.0179,0.0989,0.642,1.0,5.5714,0.0175,0.3297,0.3546,0.8571,4.2857,no single dominant feature; multivariate behavioral shift
V0141,10,10,14,14,3.3353,0.1691,0.12,0.3519,0.3115,-0.398,0.2371,-0.7143,0.1734,0.0182,0.1214,0.4805,1.0,5.7143,0.0176,0.0214,0.4726,0.9286,6.0714,no single dominant feature; multivariate behavioral shift
V0142,11,11,13,16,1.2167,0.72,0.2182,0.2978,0.3995,0.4075,-0.1973,0.0,-0.9836,0.0155,0.2341,0.4824,1.0,6.4615,0.0175,0.2476,0.4133,1.0,4.8125,no single dominant feature; multivariate behavioral shift
V0143,4,5,4,9,6.057,0.7117,0.2,0.4366,0.7489,-0.7437,0.4301,-1.1111,0.9743,0.013,0.3846,0.375,1.0,4.0,0.0205,0.2564,0.4493,0.8889,5.6667,no single dominant feature; multivariate behavioral shift
V0144,14,15,29,39,2.3759,0.4189,0.12,0.3313,0.206,0.5005,0.1121,-1.5385,-0.0556,0.0278,0.1445,0.4359,0.9655,5.069,0.0319,0.2013,0.4355,0.8462,5.1538,market breadth decreased (1.5 robust deviations)
V0145,6,6,9,9,0.8029,0.5156,0.1667,0.1916,0.2153,-0.0952,0.8854,-1.1111,0.2123,0.019,0.2,0.4491,0.8889,5.2222,0.019,0.1333,0.5834,0.8889,5.2222,no single dominant feature; multivariate behavioral shift
V0146,6,6,9,10,1.2342,0.5367,0.2,0.2407,0.8267,-0.1363,0.3295,-1.0,-0.6226,0.0195,0.1965,0.4954,0.8889,5.3333,0.0213,0.1217,0.5393,0.9,4.5,no single dominant feature; multivariate behavioral shift
V0147,4,5,4,7,2.4723,1.2387,0.32,0.3889,0.5017,0.4595,0.9134,0.0,-2.0556,0.0127,0.2636,0.2277,1.0,6.0,0.0179,0.2797,0.3988,1.0,4.7143,network exposure decreased (2.1 robust deviations)
V0148,6,7,10,11,0.8808,0.1614,0.0857,0.1385,-0.0748,-0.4802,0.5673,0.0,0.3219,0.0224,0.1607,0.4808,1.0,4.5,0.0194,0.0336,0.7197,1.0,4.4545,no single dominant feature; multivariate behavioral shift
V0149,4,5,7,5,1.248,0.7207,0.2,0.243,-0.7981,-0.3411,0.8736,0.0,0.3597,0.0243,0.2692,0.4226,0.8571,4.8571,0.0124,0.2273,0.6333,1.0,4.8,no single dominant feature; multivariate behavioral shift
V0150,9,10,14,12,0.2081,0.1376,0.08,0.0687,-0.0529,-0.0488,-0.1548,0.0,-0.1124,0.02,0.1346,0.5662,1.0,5.5,0.0146,0.094,0.5717,1.0,5.8333,no single dominant feature; multivariate behavioral shift
V0151,8,9,10,13,3.8996,0.9793,0.2222,0.4712,0.4915,-0.9434,0.8232,-0.7692,1.3836,0.0157,0.3315,0.3349,1.0,4.1,0.018,0.1213,0.5636,0.9231,4.5385,no single dominant feature; multivariate behavioral shift
V0152,8,9,9,16,5.9331,0.7961,0.1778,0.5014,0.8441,-0.026,0.3073,-1.25,0.923,0.0146,0.1973,0.4532,1.0,4.8889,0.0216,0.1345,0.5476,0.875,5.625,no single dominant feature; multivariate behavioral shift
V0153,11,12,17,19,1.6547,0.2683,0.0833,0.247,-0.3597,0.8571,0.0137,0.0,0.1336,0.021,0.1957,0.3808,1.0,5.2353,0.0193,0.3,0.3775,1.0,6.4211,no single dominant feature; multivariate behavioral shift
V0154,9,10,12,12,0.8891,0.0893,0.04,0.1317,0.2265,-0.3175,-0.2264,-0.8333,-0.0723,0.0169,0.2222,0.5624,0.9167,5.1667,0.0153,0.1111,0.5548,0.9167,5.4167,no single dominant feature; multivariate behavioral shift
V0158,10,11,15,19,0.5301,0.1031,0.0545,0.1004,0.1635,0.1109,-0.2295,-0.5263,0.0994,0.0201,0.1933,0.5853,0.9333,5.5333,0.0209,0.1624,0.484,0.9474,5.6842,no single dominant feature; multivariate behavioral shift
V0159,12,12,21,19,1.7593,0.9294,0.2667,0.3804,-0.3395,0.8729,-0.4327,-1.0526,-0.5781,0.023,0.1556,0.6108,0.9524,5.7619,0.0197,0.248,0.4629,0.8947,5.0,no single dominant feature; multivariate behavioral shift
V0160,7,8,7,9,0.8422,0.0,0.0,0.0967,0.1335,-0.2857,-0.293,0.0,-0.1874,0.013,0.1058,0.6446,1.0,4.8571,0.0143,0.025,0.6898,1.0,5.4444,no single dominant feature; multivariate behavioral shift
V0161,11,11,17,17,2.1057,0.7791,0.2,0.3752,0.4128,-1.2424,1.6031,-0.4761,0.3552,0.0209,0.3734,0.3123,0.8235,5.0588,0.0193,0.156,0.717,0.9412,5.5882,bid positioning increased (1.6 robust deviations)
V0162,10,10,15,20,2.262,0.5648,0.24,0.3719,1.0051,0.876,0.0383,0.0,-0.4432,0.0203,0.1605,0.5671,0.9333,4.9333,0.0247,0.2835,0.513,1.0,4.1,no single dominant feature; multivariate behavioral shift
V0163,6,7,6,7,4.1909,0.106,0.0286,0.3137,-0.0624,0.9298,-0.3237,0.0,-0.1445,0.0132,0.0769,0.5614,1.0,6.6667,0.0126,0.2249,0.3493,1.0,5.5714,no single dominant feature; multivariate behavioral shift
V0164,9,10,12,12,1.0016,0.1725,0.12,0.1751,0.173,0.3571,-0.3545,0.0,-0.5902,0.017,0.25,0.5645,1.0,5.6667,0.0151,0.25,0.5153,1.0,4.25,no single dominant feature; multivariate behavioral shift
V0165,6,6,6,8,5.8585,0.1054,0.1,0.3721,0.3852,0.102,0.5691,-1.25,0.2698,0.0134,0.1548,0.4931,1.0,4.6667,0.017,0.1327,0.7155,0.875,5.0,no single dominant feature; multivariate behavioral shift
V0166,9,9,15,16,1.2123,0.3969,0.1778,0.2405,0.0418,-0.1445,0.1286,-0.625,-1.096,0.0227,0.3118,0.4313,0.8667,6.0,0.0227,0.2067,0.4706,0.9375,5.375,no single dominant feature; multivariate behavioral shift
V0168,5,6,5,7,0.5702,0.559,0.1667,0.1667,0.0655,0.1099,0.7926,0.0,0.0,0.0127,0.1818,0.439,1.0,5.8,0.0135,0.1538,0.6175,1.0,6.0,no single dominant feature; multivariate behavioral shift
V0169,12,12,18,17,0.5622,0.5379,0.15,0.1884,-0.1288,-0.0586,0.0425,0.0,-0.9522,0.0196,0.2655,0.4389,0.9444,6.1667,0.0174,0.1901,0.4578,1.0,5.5882,no single dominant feature; multivariate behavioral shift
V0171,4,4,4,5,2.1176,0.5404,0.25,0.2961,0.3762,-0.7971,1.4672,0.0,-0.4047,0.0129,0.4,0.3056,1.0,6.5,0.0166,0.2727,0.5643,1.0,5.6,no single dominant feature; multivariate behavioral shift
V0172,12,12,21,27,5.0204,0.2624,0.0667,0.4167,0.5713,-0.0758,0.0132,-1.1111,-0.2891,0.0239,0.1806,0.4996,1.0,5.5238,0.0276,0.1174,0.5655,0.8889,5.0,no single dominant feature; multivariate behavioral shift
V0174,7,7,10,8,5.6709,0.717,0.1714,0.4708,0.036,-0.4762,0.5958,-1.25,0.8244,0.0197,0.3542,0.3198,1.0,5.0,0.0146,0.1905,0.5708,0.875,6.25,no single dominant feature; multivariate behavioral shift
V0175,7,7,10,12,7.5822,0.2423,0.1143,0.4334,0.7143,-0.0794,0.6665,-1.6667,0.281,0.0185,0.2727,0.275,1.0,4.5,0.0221,0.1869,0.498,0.8333,4.4167,market breadth decreased (1.7 robust deviations)
V0176,7,7,9,8,0.9581,0.2555,0.1429,0.1764,0.0749,0.4202,-0.0587,0.0,0.5059,0.0177,0.2275,0.587,1.0,4.2222,0.0137,0.2437,0.5826,1.0,6.5,no single dominant feature; multivariate behavioral shift
V0177,6,7,6,7,0.4409,0.3316,0.1143,0.1213,-0.0348,0.1606,0.0335,0.0,0.4818,0.0133,0.1603,0.3768,1.0,5.5,0.0126,0.1479,0.3967,1.0,6.7143,no single dominant feature; multivariate behavioral shift
V0178,14,14,22,27,1.0367,0.7233,0.1429,0.2612,1.0649,0.3021,0.0816,-0.7407,-0.2198,0.021,0.2267,0.4889,0.9091,5.6818,0.0248,0.2226,0.5275,0.9259,5.2222,no single dominant feature; multivariate behavioral shift
V0179,9,10,13,16,3.4414,0.6986,0.18,0.4279,0.646,0.7591,-0.7251,0.0,0.2846,0.0191,0.0327,0.7569,1.0,5.0769,0.0205,0.1646,0.5484,1.0,5.5625,no single dominant feature; multivariate behavioral shift
V0180,5,6,6,8,0.8759,0.5504,0.2,0.2026,0.3582,0.102,-0.7852,0.0,0.5902,0.016,0.1548,0.6889,1.0,4.0,0.0179,0.1327,0.7478,1.0,4.875,no single dominant feature; multivariate behavioral shift
V0181,7,7,7,7,0.5385,0.178,0.0286,0.0968,-0.0932,0.2041,-0.2372,0.0,-0.1542,0.0132,0.1429,0.5806,1.0,5.2857,0.0124,0.1429,0.6571,1.0,4.7143,no single dominant feature; multivariate behavioral shift
V0182,12,12,19,16,0.9331,0.4535,0.1167,0.2115,0.1834,0.4824,0.2902,-0.625,-0.184,0.0205,0.2149,0.4652,0.8947,5.3684,0.0164,0.2442,0.5599,0.9375,5.25,no single dominant feature; multivariate behavioral shift
V0184,13,14,28,35,1.7885,0.5529,0.2143,0.3283,0.3558,0.5608,-0.4468,-1.7143,-0.0289,0.0274,0.0812,0.5868,0.9286,5.1429,0.0317,0.1649,0.4715,0.8286,4.7143,market breadth decreased (1.7 robust deviations)
V0185,8,8,10,9,0.786,0.28,0.175,0.1754,0.1797,0.3709,0.2449,0.0,-0.3134,0.0156,0.2039,0.4333,1.0,4.7,0.0149,0.2175,0.5704,1.0,4.2222,no single dominant feature; multivariate behavioral shift
V0186,10,10,10,19,4.6893,0.4838,0.2,0.4697,1.0045,0.3232,-0.887,-0.5263,-0.0237,0.0128,0.2026,0.6327,1.0,5.4,0.0229,0.2097,0.3612,0.9474,5.9474,no single dominant feature; multivariate behavioral shift
V0187,10,10,14,20,1.6864,0.7942,0.22,0.3488,0.9573,0.2165,1.2307,0.0,-0.5126,0.0181,0.0765,0.396,0.9286,6.9286,0.0238,0.0973,0.5999,1.0,5.9,no single dominant feature; multivariate behavioral shift
V0188,13,14,22,21,0.6105,0.5441,0.1714,0.2003,0.3394,0.1526,0.4463,-0.4762,0.0964,0.0221,0.2234,0.4673,0.8636,5.5,0.0185,0.1947,0.5965,0.9524,6.1429,no single dominant feature; multivariate behavioral shift
V0189,4,5,5,5,2.7697,0.206,0.12,0.2679,-0.1869,0.5974,-0.9241,0.0,0.3854,0.0173,0.0545,0.725,1.0,5.2,0.0126,0.1455,0.345,1.0,5.0,no single dominant feature; multivariate behavioral shift
V0191,8,9,9,13,1.5721,0.5486,0.2444,0.2981,0.5363,0.6288,-0.3624,-0.7692,0.9612,0.0157,0.2424,0.4348,0.8889,5.3333,0.0187,0.2967,0.3594,0.9231,6.6923,no single dominant feature; multivariate behavioral shift
V0192,9,10,11,11,1.3889,0.1231,0.08,0.1951,-0.0088,0.9778,0.017,0.0,0.0204,0.0163,0.2139,0.5331,1.0,4.5455,0.014,0.3316,0.5076,1.0,4.5455,no single dominant feature; multivariate behavioral shift
V0193,4,4,4,4,0.6317,0.212,0.1,0.1151,-0.0818,-0.3214,-0.0534,0.0,-0.5059,0.0125,0.175,0.5238,1.0,6.5,0.0114,0.075,0.525,1.0,6.25,no single dominant feature; multivariate behavioral shift
V0194,6,7,8,8,5.9583,0.3526,0.1429,0.4151,0.1339,0.4464,-0.4202,-1.25,0.3935,0.0162,0.0268,0.7004,1.0,6.0,0.0148,0.0982,0.5528,0.875,6.375,no single dominant feature; multivariate behavioral shift
V0195,11,12,20,22,2.3686,0.588,0.15,0.3595,-0.0279,0.4592,0.3329,-0.4545,-0.8891,0.0241,0.2527,0.4772,1.0,6.05,0.0218,0.2704,0.4979,0.9545,4.6818,no single dominant feature; multivariate behavioral shift
V0197,9,9,11,14,1.4193,0.7226,0.2444,0.314,0.3986,-0.1686,1.2719,0.0,-0.9636,0.0162,0.16,0.3723,1.0,5.4545,0.0189,0.086,0.6224,1.0,4.5,no single dominant feature; multivariate behavioral shift
V0198,7,7,10,11,4.0685,1.6602,0.2,0.5071,0.6486,0.6963,-0.0573,-1.4716,-3.9244,0.0187,0.0357,0.5673,0.8,7.0,0.02,0.1513,0.6089,0.8182,5.0909,network exposure decreased (3.9 robust deviations)
V0199,10,10,15,12,1.2178,0.073,0.04,0.167,0.1254,0.5291,0.0372,0.0,0.092,0.0203,0.0794,0.5048,1.0,5.6,0.0145,0.1481,0.4605,1.0,6.0833,no single dominant feature; multivariate behavioral shift
V0200,10,11,14,16,5.6965,0.2389,0.0909,0.437,0.1969,0.1299,-0.221,-1.25,-0.8431,0.0191,0.14,0.5965,1.0,5.6429,0.017,0.1273,0.6411,0.875,4.1875,no single dominant feature; multivariate behavioral shift
V0201,11,12,19,19,2.9941,1.0439,0.2667,0.4751,0.4096,0.5504,0.415,-0.5263,-1.2307,0.0233,0.0653,0.4886,1.0,6.7895,0.0197,0.1453,0.5284,0.9474,4.9474,no single dominant feature; multivariate behavioral shift
V0202,7,8,10,8,1.5421,0.4747,0.25,0.2791,-0.0594,0.2381,-0.851,0.0,0.8431,0.018,0.1042,0.5517,0.9,5.2,0.0127,0.119,0.4263,1.0,7.375,no single dominant feature; multivariate behavioral shift
V0203,6,6,8,7,0.7967,0.5301,0.1333,0.1852,0.1615,0.4835,0.123,0.0,-0.4818,0.0158,0.2571,0.354,1.0,5.375,0.0147,0.2769,0.3869,1.0,4.7143,no single dominant feature; multivariate behavioral shift
V0204,6,6,13,10,2.2622,0.8776,0.3333,0.3784,-0.5522,0.462,0.1723,-0.5396,1.0792,0.028,0.0137,0.5409,0.8462,5.5385,0.0221,0.0788,0.5714,0.9,6.3,no single dominant feature; multivariate behavioral shift
V0205,7,7,7,7,6.7163,0.6158,0.1714,0.4792,-0.0391,1.46,-1.614,0.0,-0.3854,0.0131,0.0989,0.5451,1.0,5.7143,0.0126,0.3297,0.2679,1.0,6.2857,bid positioning decreased (1.6 robust deviations)
V0206,4,5,5,7,3.912,1.6802,0.52,0.5184,0.3189,-2.1944,2.9835,0.0,1.4231,0.0169,0.4091,0.145,1.0,3.8,0.0178,0.1154,0.4357,1.0,6.4286,bid positioning increased (3.0 robust deviations); win rate decreased (2.2 robust deviations)
V0207,4,5,5,7,6.5079,0.2117,0.08,0.3665,0.3727,0.5495,0.3702,-1.4286,0.6938,0.016,0.2273,0.44,1.0,4.2,0.017,0.2692,0.4834,0.8571,5.8571,no single dominant feature; multivariate behavioral shift
V0208,8,8,12,13,6.9292,0.1895,0.05,0.4166,0.0143,0.1865,0.2039,-1.5385,0.5015,0.0192,0.1644,0.5185,1.0,3.75,0.0193,0.1558,0.6927,0.8462,4.6154,market breadth decreased (1.5 robust deviations)
V0209,11,11,19,17,6.0763,0.7025,0.2364,0.5409,-0.3103,1.4946,-0.5976,0.0,-0.2513,0.023,0.0333,0.6066,0.8947,5.2105,0.0185,0.2536,0.5061,1.0,4.9412,no single dominant feature; multivariate behavioral shift
V0211,7,7,10,10,4.6209,0.79,0.2,0.4579,0.2874,0.5268,-1.3455,-1.0,-0.3777,0.0196,0.1187,0.6136,1.0,5.1,0.017,0.1812,0.4024,0.9,4.3,no single dominant feature; multivariate behavioral shift
V0212,11,12,20,22,2.5223,0.8387,0.2167,0.4143,-0.2092,0.9949,-0.9743,-0.4545,-0.2657,0.0251,0.1648,0.6577,1.0,5.8,0.0223,0.2602,0.4048,0.9545,4.9091,no single dominant feature; multivariate behavioral shift
V0213,7,8,9,10,0.3784,0.6548,0.125,0.1577,0.135,0.1175,-0.4163,0.0,0.045,0.0161,0.1088,0.6012,1.0,4.6667,0.0143,0.102,0.5986,1.0,5.1,no single dominant feature; multivariate behavioral shift
V0214,8,8,11,9,1.3299,0.1682,0.075,0.1891,0.1727,-0.6857,-0.2472,-1.1111,-0.062,0.0172,0.2294,0.5909,0.8182,5.6364,0.0149,0.06,0.5146,0.8889,6.3333,no single dominant feature; multivariate behavioral shift
V0215,11,12,22,29,1.2011,0.2407,0.05,0.1933,0.2736,0.3529,0.0115,-0.6897,-0.5117,0.026,0.1408,0.5038,0.9545,5.2273,0.0299,0.1697,0.5028,0.931,5.2414,no single dominant feature; multivariate behavioral shift
V0216,8,8,10,9,5.3378,1.1697,0.175,0.5213,0.1406,-0.2687,-0.3985,-1.1111,2.3383,0.0171,0.2664,0.5821,1.0,3.5,0.0147,0.1509,0.5258,0.8889,5.6667,network exposure increased (2.3 robust deviations)
V0217,7,7,8,11,3.6678,0.8715,0.2857,0.4518,0.5992,0.6457,-0.3726,0.0,-1.2263,0.0148,0.0451,0.5317,1.0,5.75,0.0193,0.1548,0.5053,1.0,4.1818,no single dominant feature; multivariate behavioral shift
V0218,13,13,17,26,3.8276,0.7474,0.1846,0.4651,1.0384,0.3167,-0.7793,-0.7692,0.1167,0.0173,0.179,0.5281,1.0,5.0588,0.0247,0.1911,0.4645,0.9231,5.3462,no single dominant feature; multivariate behavioral shift
V0219,13,14,19,26,7.0542,0.7799,0.2,0.5576,0.7028,0.5357,0.2181,-1.5385,0.7264,0.0197,0.168,0.4503,1.0,5.3158,0.0227,0.225,0.428,0.8462,6.0769,market breadth decreased (1.5 robust deviations)
V0220,10,11,21,16,2.1043,0.3078,0.1091,0.2945,-0.1817,-1.1244,0.4458,-0.625,-0.5368,0.0268,0.3133,0.4183,0.8571,5.619,0.0184,0.1572,0.5995,0.9375,4.8125,no single dominant feature; multivariate behavioral shift
V0221,5,6,7,8,5.6559,0.6037,0.1667,0.4274,0.0353,0.5714,0.2895,-1.25,0.2529,0.0191,0.1692,0.5923,1.0,4.8571,0.0153,0.2286,0.6021,0.875,5.375,no single dominant feature; multivariate behavioral shift
V0223,12,12,18,27,6.8425,0.8684,0.1667,0.5552,1.2757,0.4675,0.3955,-1.4815,-0.7328,0.0195,0.175,0.4192,1.0,5.8889,0.0273,0.2182,0.4417,0.8519,4.7037,no single dominant feature; multivariate behavioral shift
V0224,12,12,23,19,3.6131,1.1278,0.3333,0.5304,-0.6095,1.55,-0.5751,0.0,-0.8824,0.0251,0.069,0.521,0.9565,6.3913,0.0195,0.28,0.4087,1.0,5.1053,win rate increased (1.6 robust deviations)
V0228,8,9,15,19,3.3892,0.9618,0.2667,0.4585,-0.1162,0.75,-0.7751,0.0,-0.6193,0.0249,0.0252,0.6179,0.9333,5.8,0.0253,0.1412,0.5475,1.0,4.7895,no single dominant feature; multivariate behavioral shift
V0229,6,6,6,8,7.4541,0.5238,0.2667,0.4843,0.3136,1.6327,-0.8581,0.0,0.6745,0.0134,0.1429,0.4889,1.0,5.3333,0.0163,0.4082,0.2281,1.0,6.125,win rate increased (1.6 robust deviations)
V0230,12,13,17,24,2.2839,0.235,0.1077,0.2966,0.8068,0.7433,-0.2235,-0.4167,-0.0899,0.0192,0.2503,0.4873,1.0,5.2353,0.0227,0.3252,0.3496,0.9583,4.7917,no single dominant feature; multivariate behavioral shift
V0231,8,9,12,14,12.878,0.3384,0.0889,0.4849,0.4107,0.6429,-1.0388,-2.8571,0.0,0.0203,0.1068,0.6539,1.0,5.3333,0.0188,0.1962,0.5719,0.7143,5.0,market breadth decreased (2.9 robust deviations)
V0232,8,8,9,13,3.7417,0.5426,0.175,0.4091,0.6147,-0.2119,0.7591,-0.7692,-0.6745,0.0147,0.1879,0.3906,1.0,5.7778,0.0192,0.0957,0.473,0.9231,5.0,no single dominant feature; multivariate behavioral shift
V0233,7,7,8,8,2.2618,0.9397,0.2286,0.3731,0.1473,-0.0893,1.2977,0.0,-1.1804,0.0145,0.2232,0.1977,1.0,6.625,0.0146,0.1518,0.4177,1.0,5.25,no single dominant feature; multivariate behavioral shift
V0234,9,9,11,10,1.2777,0.5529,0.1778,0.2659,0.1363,-0.0638,-0.0143,0.0,-1.0792,0.0154,0.1681,0.5172,1.0,6.5455,0.0147,0.1161,0.5958,1.0,5.0,no single dominant feature; multivariate behavioral shift
V0235,5,5,6,5,7.8481,3.0111,0.44,0.6513,-0.2265,1.8772,-4.8467,0.0,-1.6188,0.0162,0.1364,0.7639,0.8333,6.1667,0.0118,0.4215,0.175,1.0,5.8,bid positioning decreased (4.8 robust deviations); win rate increased (1.9 robust deviations); network exposure decreased (1.6 robust deviations)
V0236,5,5,6,6,2.0621,0.4093,0.24,0.2872,0.0393,-1.6862,0.8034,0.0,0.3372,0.0154,0.4167,0.3375,1.0,5.1667,0.0139,0.25,0.3722,1.0,5.0,win rate decreased (1.7 robust deviations)
V0239,5,6,6,7,0.6062,0.0663,0.0667,0.0907,0.1268,0.3033,-0.3304,0.0,0.1445,0.0157,0.3205,0.506,0.8333,4.1667,0.0143,0.2959,0.4592,1.0,4.4286,no single dominant feature; multivariate behavioral shift
V0240,7,7,11,10,1.6086,0.7907,0.2286,0.313,0.3551,0.3316,0.7568,-2.0,-0.607,0.0213,0.1849,0.2824,0.9091,6.0909,0.0169,0.1964,0.6054,0.8,5.9,market breadth decreased (2.0 robust deviations)
V0241,11,12,15,19,2.7459,0.6086,0.1333,0.3818,0.6012,0.4739,-0.3482,-0.5263,-0.3508,0.0186,0.0812,0.55,1.0,5.4,0.0201,0.1482,0.5336,0.9474,4.8947,no single dominant feature; multivariate behavioral shift
V0242,11,11,21,20,0.868,0.7349,0.1455,0.2452,-0.1452,0.0844,-0.7205,-1.0,0.3597,0.0247,0.1861,0.5731,0.8571,4.8571,0.0221,0.1548,0.4974,0.9,5.8,no single dominant feature; multivariate behavioral shift
V0243,7,8,9,11,1.1503,0.3555,0.15,0.2087,0.4947,0.4202,0.194,0.0,0.2759,0.0165,0.1267,0.5643,1.0,5.5556,0.0176,0.1706,0.5721,1.0,5.8182,no single dominant feature; multivariate behavioral shift
V0244,12,13,21,29,3.3614,0.4864,0.2154,0.4208,0.542,0.7771,-0.3652,-0.6897,-0.0465,0.0237,0.16,0.4752,1.0,5.381,0.0277,0.2663,0.4026,0.931,5.2069,no single dominant feature; multivariate behavioral shift
V0245,12,13,19,19,0.8704,0.2967,0.0769,0.1738,0.3228,0.4632,0.0298,0.0,-0.1775,0.0211,0.1642,0.4758,0.9474,5.5263,0.0186,0.2042,0.4528,1.0,5.1053,no single dominant feature; multivariate behavioral shift
V0246,5,6,6,7,0.5657,0.4566,0.1667,0.1554,0.0667,-0.2584,0.243,0.0,-0.4818,0.0152,0.4808,0.3778,1.0,5.8333,0.0137,0.4438,0.4201,1.0,5.2857,no single dominant feature; multivariate behavioral shift
V0247,11,12,19,22,1.8427,0.3601,0.1,0.2794,0.4296,0.6446,0.3837,-1.3636,-0.5519,0.0236,0.0693,0.4442,0.8947,5.3684,0.0223,0.169,0.5841,0.8636,4.3636,no single dominant feature; multivariate behavioral shift
V0248,11,12,19,27,1.1075,0.1413,0.0833,0.1775,0.0967,0.175,-0.0184,-1.1111,-0.0583,0.0234,0.1061,0.5763,0.9474,5.1053,0.0272,0.1107,0.554,0.8889,5.3704,no single dominant feature; multivariate behavioral shift
V0249,12,12,19,18,1.1726,0.2908,0.1,0.2101,-0.3711,-0.732,0.165,-0.5556,-0.3527,0.021,0.2854,0.5199,0.9474,5.5789,0.0189,0.089,0.5546,0.9444,5.4444,no single dominant feature; multivariate behavioral shift
V0250,6,7,8,7,1.218,0.572,0.1143,0.2242,-0.2094,0.5507,-0.0988,0.0,0.8351,0.0179,0.3857,0.4271,1.0,4.125,0.0126,0.4154,0.3095,1.0,5.5714,no single dominant feature; multivariate behavioral shift
V0251,8,9,9,10,1.6057,0.7384,0.1778,0.3059,0.0511,0.4887,-0.651,0.0,1.4299,0.0147,0.1298,0.6524,1.0,5.0,0.0137,0.1842,0.4898,1.0,7.9,no single dominant feature; multivariate behavioral shift
V0253,6,6,8,6,0.4871,0.003,0.0,0.0576,-0.1727,0.068,-0.0058,0.0,-0.2923,0.0181,0.2347,0.4866,1.0,5.25,0.0133,0.1905,0.5278,1.0,4.1667,no single dominant feature; multivariate behavioral shift
V0254,12,13,26,17,1.1497,0.4223,0.2,0.2507,-0.8436,0.6486,0.1678,-0.5882,0.0044,0.029,0.2355,0.5033,0.9231,4.8077,0.0158,0.2841,0.5206,0.9412,4.7647,no single dominant feature; multivariate behavioral shift
V0255,11,12,17,16,0.9919,0.577,0.2333,0.2623,0.2548,0.0236,0.9901,0.0,-0.2891,0.0202,0.17,0.3798,1.0,6.3529,0.0168,0.1322,0.6129,1.0,6.4375,no single dominant feature; multivariate behavioral shift
V0256,12,12,18,22,2.1272,0.5478,0.25,0.3627,0.8455,0.5,-0.4311,-1.3636,-0.6657,0.0194,0.175,0.5902,0.9444,5.7222,0.0226,0.2214,0.5018,0.8636,4.2727,no single dominant feature; multivariate behavioral shift
V0258,12,12,20,17,1.4583,0.6715,0.1333,0.2938,-0.2749,0.7235,-0.1457,-0.5882,0.9034,0.0227,0.21,0.4947,0.9,4.9,0.0178,0.2808,0.5394,0.9412,5.5882,no single dominant feature; multivariate behavioral shift
V0259,13,13,19,20,0.6843,0.0863,0.0308,0.1101,0.4029,0.2198,0.3081,0.0,0.0809,0.0198,0.36,0.3796,1.0,5.2105,0.0193,0.3077,0.4875,1.0,5.3,no single dominant feature; multivariate behavioral shift
V0262,8,8,13,13,3.3052,0.7768,0.3,0.4447,-0.0084,1.8446,-0.6617,-0.2767,-0.9883,0.0226,0.1377,0.5124,0.7692,6.2308,0.0201,0.4008,0.3205,0.9231,5.0769,win rate increased (1.8 robust deviations)
V0263,14,14,21,28,1.6359,0.7495,0.2,0.3347,0.8929,-0.3348,0.3109,-0.7143,-0.8373,0.0201,0.263,0.408,0.9524,5.9048,0.0243,0.1206,0.5693,0.9286,4.0,no single dominant feature; multivariate behavioral shift
V0264,7,8,7,11,2.2939,0.5315,0.2,0.3277,0.3368,0.3081,-0.2606,0.0,1.0628,0.0129,0.0256,0.6687,1.0,4.0,0.0164,0.0784,0.6023,1.0,5.3636,no single dominant feature; multivariate behavioral shift
V0265,5,6,6,9,10.1079,0.7727,0.2,0.4982,0.6415,-0.2476,0.4033,-2.2222,-1.8736,0.0156,0.2667,0.4167,1.0,6.3333,0.0197,0.1467,0.4742,0.7778,5.2222,market breadth decreased (2.2 robust deviations); network exposure decreased (1.9 robust deviations)
V0266,7,7,12,12,1.7695,0.1686,0.0286,0.2077,-0.2905,-0.9722,-0.2178,0.0,0.0375,0.0248,0.3889,0.4325,0.9167,4.4167,0.0211,0.2778,0.3837,1.0,4.5833,no single dominant feature; multivariate behavioral shift
V0267,7,7,9,8,2.4915,0.5872,0.2,0.3459,0.0218,0.4622,-1.5865,0.0,0.0562,0.0162,0.0235,0.8005,0.8889,4.8889,0.0154,0.0966,0.6094,1.0,5.625,bid positioning decreased (1.6 robust deviations)
V0269,10,11,23,16,1.0947,0.7909,0.2727,0.307,-0.8657,0.4196,-0.2666,0.0,0.3794,0.0321,0.0902,0.5747,0.913,5.4348,0.018,0.1189,0.5063,1.0,5.8125,no single dominant feature; multivariate behavioral shift
V0270,9,10,13,14,0.7024,0.2887,0.1,0.1548,0.2927,0.2619,-0.2904,0.0,-0.3083,0.0194,0.2281,0.5463,0.9231,4.7692,0.0181,0.2167,0.6208,1.0,4.4286,no single dominant feature; multivariate behavioral shift
V0271,8,9,11,13,1.3088,0.1906,0.1111,0.1989,0.3991,0.7519,-0.4172,0.0,-0.0104,0.0176,0.2059,0.5352,1.0,4.7273,0.0173,0.2895,0.4024,1.0,4.4615,no single dominant feature; multivariate behavioral shift
V0273,9,9,10,12,0.7148,0.0681,0.0444,0.1107,0.3016,-0.0749,0.2724,0.0,-0.1499,0.0149,0.2727,0.3929,0.9,5.5,0.016,0.1869,0.5632,1.0,5.6667,no single dominant feature; multivariate behavioral shift
V0274,11,12,18,19,0.9107,0.2123,0.0833,0.1677,-0.3053,0.4324,-0.3469,0.0,-0.497,0.0218,0.1723,0.5856,0.9444,5.7778,0.0192,0.2054,0.4905,1.0,4.5263,no single dominant feature; multivariate behavioral shift
V0275,12,13,22,24,1.8536,0.9334,0.2,0.3718,-0.1322,-0.9952,1.2166,-0.8333,0.3372,0.0246,0.3416,0.4105,0.9545,5.0909,0.0226,0.1855,0.6455,0.9167,5.1667,no single dominant feature; multivariate behavioral shift
V0276,12,13,16,25,1.6918,0.622,0.1692,0.3173,0.9878,0.3181,0.2322,-1.6,0.0,0.0174,0.1896,0.4729,0.875,5.25,0.0245,0.1991,0.5271,0.84,5.0,market breadth decreased (1.6 robust deviations)
V0277,16,16,35,36,1.071,0.5765,0.1,0.2371,0.1397,0.4594,-0.5502,-0.5556,-0.3185,0.0287,0.1467,0.5201,0.9143,4.8,0.0282,0.1908,0.4575,0.9444,4.5278,no single dominant feature; multivariate behavioral shift
V0278,8,9,9,13,3.6046,0.3598,0.1778,0.3819,0.5063,0.0684,0.5531,-0.7692,-0.2075,0.015,0.2061,0.3913,1.0,5.6667,0.0185,0.1627,0.5273,0.9231,5.3846,no single dominant feature; multivariate behavioral shift
V0279,8,9,10,11,0.7901,0.0836,0.0444,0.1176,0.0677,0.108,0.1365,0.0,0.5373,0.017,0.0982,0.5417,0.9,4.6,0.0157,0.0924,0.592,1.0,6.0909,no single dominant feature; multivariate behavioral shift
V0280,11,12,18,18,1.6323,0.9137,0.1833,0.3474,0.5471,0.9821,-0.694,-0.4497,-0.7195,0.0213,0.1875,0.4806,0.8333,5.2778,0.0195,0.3125,0.3775,0.9444,4.8889,no single dominant feature; multivariate behavioral shift
V0281,10,11,17,23,1.7307,0.3612,0.1818,0.2909,0.6459,0.7488,-0.5646,0.0,0.1051,0.022,0.0826,0.5565,0.9412,5.5294,0.0251,0.2034,0.4231,1.0,5.7391,no single dominant feature; multivariate behavioral shift
V0282,6,7,7,9,1.4561,0.4086,0.1714,0.2383,0.2715,0.8571,-0.1386,0.0,-0.5059,0.0154,0.1923,0.3963,1.0,5.5714,0.0163,0.3,0.3756,1.0,5.0,no single dominant feature; multivariate behavioral shift
V0284,8,8,10,10,2.0171,0.4459,0.175,0.3036,0.3325,0.3839,0.5206,-1.0,-0.8431,0.0157,0.0188,0.5514,0.9,6.3,0.0161,0.0813,0.6827,0.9,5.5,no single dominant feature; multivariate behavioral shift
V0286,8,8,12,9,0.5698,0.0,0.0,0.0705,-0.0073,0.0136,0.0299,-1.1111,0.0231,0.0177,0.1587,0.5811,0.8333,5.25,0.0149,0.1238,0.5632,0.8889,5.5556,no single dominant feature; multivariate behavioral shift
V0288,11,11,12,17,1.8634,0.4013,0.1636,0.3025,0.685,0.0707,-0.495,0.0,0.2976,0.0141,0.2356,0.5851,0.9167,5.6667,0.02,0.1844,0.539,1.0,5.8824,no single dominant feature; multivariate behavioral shift
V0289,9,9,14,13,0.8112,0.1928,0.0889,0.1506,0.2505,-0.0752,0.3388,-0.7692,-0.6572,0.0209,0.1333,0.5071,0.8571,5.7143,0.0174,0.0877,0.6116,0.9231,5.5385,no single dominant feature; multivariate behavioral shift
V0291,12,12,18,20,4.7231,0.4801,0.1833,0.4662,0.6862,-0.9045,0.5975,-1.0,-0.1491,0.0194,0.3026,0.4088,1.0,5.2222,0.0209,0.1255,0.5794,0.9,5.65,no single dominant feature; multivariate behavioral shift
V0292,9,9,13,14,1.4594,0.3833,0.1556,0.2559,0.611,0.6746,-0.6842,0.0,0.2409,0.0181,0.0994,0.5962,1.0,5.4615,0.0191,0.1944,0.4976,1.0,5.7143,no single dominant feature; multivariate behavioral shift
V0293,11,12,20,21,3.0478,0.5141,0.1833,0.4,-0.1752,1.3211,-0.3749,0.0,0.3212,0.0244,0.0779,0.5776,1.0,4.5,0.0224,0.2602,0.4536,1.0,5.4762,no single dominant feature; multivariate behavioral shift
V0294,9,10,14,18,6.0311,0.6235,0.2,0.5061,-0.2478,0.7812,-0.0544,-1.1111,0.5995,0.0212,0.0281,0.6129,1.0,6.0714,0.0221,0.1484,0.5763,0.8889,5.4444,no single dominant feature; multivariate behavioral shift
V0295,13,13,25,30,0.6751,0.0947,0.0462,0.1142,0.3872,0.1335,-0.0456,-0.6667,-0.1649,0.0245,0.1965,0.4348,0.92,5.04,0.0289,0.1692,0.4545,0.9333,4.6333,no single dominant feature; multivariate behavioral shift
V0296,6,7,8,8,6.854,0.2191,0.1714,0.4195,-0.0601,0.8929,0.0127,-1.25,-1.0009,0.0179,0.0536,0.4725,1.0,5.875,0.0132,0.1964,0.4628,0.875,4.125,no single dominant feature; multivariate behavioral shift
V0297,10,11,20,19,2.3651,0.3473,0.1818,0.3365,-0.0221,-1.4933,0.585,-1.5789,0.5135,0.0267,0.3669,0.345,0.9,4.3,0.0208,0.1415,0.5664,0.8421,5.2105,market breadth decreased (1.6 robust deviations)
V0298,11,12,22,21,1.1629,0.3134,0.1167,0.2165,0.3876,0.5955,0.1651,0.0,0.0467,0.026,0.1013,0.5139,0.9545,5.0,0.0215,0.1792,0.5293,1.0,5.0952,no single dominant feature; multivariate behavioral shift
V0299,8,9,11,11,1.8825,0.3535,0.1333,0.2726,0.2469,0.3591,-0.3942,0.0,0.7767,0.0175,0.016,0.5517,0.7273,4.9091,0.0157,0.0749,0.429,1.0,6.7273,no single dominant feature; multivariate behavioral shift
V0300,6,6,8,6,1.3484,0.9444,0.2667,0.3044,-0.1186,0.068,1.0243,0.0,-1.0117,0.0188,0.2347,0.3631,0.75,6.625,0.0134,0.1905,0.6389,1.0,5.0,no single dominant feature; multivariate behavioral shift
V0301,11,11,19,17,1.1538,0.3353,0.1273,0.2213,0.2635,0.3727,-0.3206,0.0,-0.611,0.0227,0.06,0.6959,0.9474,5.1579,0.0192,0.1087,0.5185,1.0,3.8235,no single dominant feature; multivariate behavioral shift
V0302,8,8,11,13,1.0584,0.1873,0.1,0.1726,0.3822,0.1504,0.198,-1.5385,-0.1384,0.0189,0.1765,0.4889,0.9091,6.1818,0.0192,0.1579,0.5256,0.8462,5.6923,market breadth decreased (1.5 robust deviations)
V0303,7,7,14,13,1.5535,0.5781,0.2571,0.2933,-0.1243,1.1404,-0.1979,0.0,-0.5707,0.0267,0.1667,0.6466,0.9286,4.7857,0.0238,0.2807,0.4429,1.0,4.1538,no single dominant feature; multivariate behavioral shift
V0304,12,13,21,23,1.9,0.7856,0.1846,0.3564,0.0066,0.8867,0.6926,0.0,-0.9652,0.0235,0.1145,0.4549,0.9524,6.0476,0.0222,0.2445,0.5029,1.0,4.913,no single dominant feature; multivariate behavioral shift
V0306,6,7,7,10,0.7586,0.1533,0.0857,0.1255,0.3505,0.0578,-0.0099,0.0,-0.3957,0.0157,0.1312,0.4898,1.0,5.4286,0.0177,0.1066,0.4966,1.0,5.9,no single dominant feature; multivariate behavioral shift
V0307,14,14,25,25,0.8806,0.1275,0.0429,0.1415,-0.1393,-0.6065,0.404,-0.4,-0.2806,0.023,0.2206,0.4961,0.96,5.44,0.022,0.0594,0.5772,0.96,5.48,no single dominant feature; multivariate behavioral shift
V0308,12,12,21,20,2.5695,1.6076,0.15,0.4658,-0.0102,1.0855,-2.264,-0.2024,-0.0135,0.0228,0.1174,0.6339,0.8095,5.0952,0.0203,0.2758,0.3738,0.95,5.3,bid positioning decreased (2.3 robust deviations)
V0309,13,14,21,35,2.0072,1.2007,0.2143,0.4118,1.7377,0.555,0.5302,-0.8571,-0.3212,0.0217,0.1548,0.488,0.9524,5.381,0.0309,0.2239,0.4465,0.9143,5.2857,participation intensity increased (1.7 robust deviations)
V0310,10,11,16,19,1.0201,0.2614,0.0727,0.1837,0.1943,0.6367,0.3454,0.0,-0.1794,0.0209,0.2597,0.4712,0.9375,5.1875,0.021,0.3086,0.4584,1.0,4.6842,no single dominant feature; multivariate behavioral shift
V0313,11,11,12,16,5.8099,0.4216,0.1818,0.4874,0.5286,0.5659,-0.1897,-1.25,-0.5269,0.0148,0.1825,0.5734,1.0,6.3333,0.0186,0.2403,0.6302,0.875,5.4375,no single dominant feature; multivariate behavioral shift
V0314,5,5,7,6,2.791,0.2709,0.12,0.2867,0.2669,1.4011,-0.1835,0.0,-0.6745,0.0185,0.2189,0.5163,1.0,5.2857,0.016,0.4038,0.4524,1.0,5.0,no single dominant feature; multivariate behavioral shift
V0315,7,7,8,9,1.3828,0.7468,0.2286,0.2904,0.2333,-0.1401,-0.2436,0.0,-1.0792,0.0147,0.2185,0.564,1.0,5.375,0.0158,0.1373,0.6065,1.0,4.0,no single dominant feature; multivariate behavioral shift
V0316,6,7,6,7,1.6082,0.4222,0.2,0.258,-0.1227,0.6255,-0.3372,0.0,-1.0377,0.0139,0.1987,0.625,1.0,6.3333,0.0122,0.2604,0.5,1.0,5.0,no single dominant feature; multivariate behavioral shift
V0317,9,10,20,15,3.1649,0.3215,0.14,0.3591,-0.3874,0.5986,-0.2957,-0.6667,0.4497,0.0292,0.2066,0.5789,1.0,4.65,0.0183,0.2558,0.4061,0.9333,5.6667,no single dominant feature; multivariate behavioral shift
V0318,5,6,5,7,4.2034,2.3103,0.4333,0.5584,0.1775,-2.7473,5.1786,0.0,0.1927,0.0132,0.5455,0.2,1.0,5.6,0.0148,0.1538,0.5179,1.0,6.2857,bid positioning increased (5.2 robust deviations); win rate decreased (2.7 robust deviations)
V0319,10,10,20,14,1.1461,0.8779,0.3,0.3281,-0.7903,0.6113,0.034,0.0,-0.5323,0.026,0.1561,0.5162,0.95,5.4,0.0176,0.2029,0.4939,1.0,4.7143,no single dominant feature; multivariate behavioral shift
V0320,12,13,20,20,0.9629,0.2837,0.1385,0.1973,-0.4439,-0.045,0.0775,-1.5,-0.0674,0.022,0.0942,0.5614,0.9,5.45,0.0193,0.0558,0.6275,0.85,5.35,market breadth decreased (1.5 robust deviations)
V0321,5,6,8,8,4.9975,0.7153,0.2333,0.4377,0.4437,1.3393,-0.9401,0.0,-0.0843,0.0209,0.0804,0.6027,1.0,5.25,0.0174,0.2946,0.4719,1.0,5.125,no single dominant feature; multivariate behavioral shift
V0322,10,11,21,19,0.6315,0.854,0.2,0.2448,-0.5659,-0.0343,0.0816,0.0,0.7952,0.0282,0.2296,0.4299,0.9524,5.1905,0.0212,0.168,0.4494,1.0,5.7368,no single dominant feature; multivariate behavioral shift
V0324,6,7,6,7,2.0979,0.9093,0.2286,0.3478,0.0314,1.0904,-1.6414,0.0,-0.8913,0.0133,0.2372,0.6642,1.0,7.1667,0.0131,0.3728,0.3571,1.0,4.8571,bid positioning decreased (1.6 robust deviations)
V0326,9,10,12,15,0.7745,0.2706,0.1,0.1603,0.4069,0.0529,-0.4288,-0.6667,-0.1889,0.0175,0.0802,0.6508,0.8333,5.6667,0.0182,0.0688,0.5911,0.9333,5.2,no single dominant feature; multivariate behavioral shift
V0327,12,13,25,26,0.6579,0.6436,0.1538,0.2133,0.0563,0.2495,0.0969,-0.7692,0.1775,0.0268,0.1992,0.5395,0.92,4.36,0.0248,0.193,0.5674,0.9231,5.0,no single dominant feature; multivariate behavioral shift
V0328,9,9,9,11,0.9322,0.2126,0.1111,0.1716,0.1287,0.0,0.4997,0.0,-0.3372,0.0134,0.4067,0.3275,1.0,5.5556,0.0144,0.3,0.5803,1.0,5.0,no single dominant feature; multivariate behavioral shift
V0329,10,10,14,13,1.041,0.1562,0.06,0.1672,0.1715,-0.2757,0.1278,-1.5385,-0.0519,0.0185,0.1944,0.6012,0.9286,5.1429,0.0163,0.0994,0.647,0.8462,5.3846,market breadth decreased (1.5 robust deviations)
V0330,4,5,4,6,2.6103,0.6996,0.28,0.3449,0.2947,-1.349,0.7794,0.0,1.7987,0.0123,0.32,0.375,1.0,2.75,0.0154,0.1,0.6111,1.0,6.0,network exposure increased (1.8 robust deviations)
V0331,7,7,8,10,0.9565,0.0873,0.0857,0.1403,0.4264,-0.0843,0.2117,-1.0,0.4721,0.0161,0.3333,0.375,0.875,4.625,0.0186,0.2292,0.381,0.9,5.4,no single dominant feature; multivariate behavioral shift
V0332,12,12,26,25,1.4199,0.2701,0.0833,0.2266,0.2435,-0.7022,-0.087,-1.6,-0.0749,0.0281,0.2555,0.5098,0.8846,4.5,0.0253,0.1347,0.5612,0.84,5.2,market breadth decreased (1.6 robust deviations)
V0334,8,8,9,11,1.884,0.4846,0.225,0.3104,0.4708,0.7563,0.0784,0.0,-0.1402,0.0148,0.1467,0.5889,0.8889,5.0,0.0179,0.2471,0.5244,1.0,3.8182,no single dominant feature; multivariate behavioral shift
V0335,12,12,20,18,0.9158,0.3206,0.15,0.2003,0.2922,-0.0282,0.4416,-1.1111,-0.3105,0.0225,0.2409,0.4396,0.85,5.7,0.0182,0.1776,0.5497,0.8889,5.4444,no single dominant feature; multivariate behavioral shift
V0336,9,10,16,19,1.5358,1.3047,0.28,0.3864,-0.1828,0.8131,0.0461,-0.5263,-1.4555,0.0231,0.2065,0.4219,0.875,6.125,0.0232,0.3017,0.4305,0.9474,5.4211,no single dominant feature; multivariate behavioral shift
V0337,8,9,11,13,4.0332,0.9389,0.2667,0.483,0.3409,0.3008,-1.0486,-0.7692,-1.1198,0.0195,0.0147,0.7152,1.0,6.3636,0.0172,0.0658,0.5449,0.9231,4.9231,no single dominant feature; multivariate behavioral shift
V0338,11,12,20,25,1.8651,0.6803,0.1833,0.3417,0.1929,-0.5346,0.5683,-1.2,0.2158,0.0231,0.2718,0.4104,0.95,4.9,0.0269,0.0989,0.5224,0.88,5.32,no single dominant feature; multivariate behavioral shift
V0339,9,9,10,12,4.7713,0.5407,0.1556,0.4543,0.3334,0.6349,0.5556,-0.8333,-0.4122,0.0148,0.0341,0.5469,1.0,6.5,0.0168,0.1414,0.5706,0.9167,6.0833,no single dominant feature; multivariate behavioral shift
V0340,11,12,18,29,1.89,1.1419,0.2167,0.3983,1.3081,0.1337,0.3587,-1.7241,-0.3896,0.0217,0.0576,0.563,0.9444,5.6111,0.0302,0.0681,0.556,0.8276,4.8966,market breadth decreased (1.7 robust deviations)
V0341,6,7,7,10,0.8255,0.3262,0.1143,0.1604,0.341,0.0578,-0.6938,0.0,0.0337,0.0157,0.1312,0.6201,1.0,5.0,0.0175,0.1066,0.4996,1.0,4.8,no single dominant feature; multivariate behavioral shift
V0342,11,11,16,23,1.2791,1.0725,0.2364,0.3439,1.1659,0.2122,1.0129,0.0,-0.1935,0.02,0.1853,0.3856,1.0,5.4375,0.0252,0.1751,0.5864,1.0,5.3913,no single dominant feature; multivariate behavioral shift
V0343,6,7,6,10,1.6882,0.7457,0.3143,0.3232,0.3886,0.0223,-1.376,0.0,-0.5396,0.0131,0.1458,0.625,1.0,6.1667,0.0171,0.1094,0.3683,1.0,5.6,no single dominant feature; multivariate behavioral shift
V0344,9,10,18,20,0.9258,0.536,0.16,0.225,-0.049,0.2198,0.5085,-0.5,-0.3485,0.0264,0.2193,0.4255,0.9444,5.1111,0.0251,0.2024,0.4987,0.95,5.15,no single dominant feature; multivariate behavioral shift
V0345,9,9,11,16,1.7482,0.1232,0.1111,0.233,0.8618,0.2597,-0.323,0.0,-0.7799,0.0163,0.098,0.6407,0.9091,5.6364,0.0227,0.1212,0.5775,1.0,4.6875,no single dominant feature; multivariate behavioral shift
V0346,11,11,22,19,4.8336,0.5363,0.1455,0.4672,-0.0854,0.5463,1.0254,-1.0526,0.1597,0.0267,0.1437,0.3992,1.0,5.2727,0.0215,0.201,0.5567,0.8947,5.3158,no single dominant feature; multivariate behavioral shift
V0347,6,6,10,6,1.3127,0.6572,0.1333,0.2452,-0.7775,-0.2232,0.6583,0.0,0.882,0.0228,0.0859,0.5194,1.0,5.2,0.0125,0.0312,0.5413,1.0,6.1667,no single dominant feature; multivariate behavioral shift
V0349,10,11,13,16,2.128,1.0302,0.2727,0.4202,0.4097,0.8106,0.2898,0.0,-1.1897,0.017,0.1071,0.3955,1.0,6.3846,0.0179,0.2288,0.424,1.0,4.1875,no single dominant feature; multivariate behavioral shift
V0350,6,6,8,7,1.9289,0.7644,0.2667,0.3317,0.1534,-0.467,0.8572,0.0,-1.7183,0.0155,0.3571,0.4062,0.75,6.875,0.0144,0.3077,0.6548,1.0,4.2857,network exposure decreased (1.7 robust deviations)
V0351,6,6,11,6,1.7015,0.5755,0.2667,0.2966,-0.4664,-0.9758,1.0614,0.0,0.8672,0.0251,0.2388,0.3631,0.9091,4.5455,0.013,0.0882,0.7292,1.0,5.8333,no single dominant feature; multivariate behavioral shift
V0352,10,11,19,19,2.6185,0.2218,0.1273,0.3216,0.1023,0.8511,-0.1098,-0.5263,0.1893,0.0247,0.2758,0.43,1.0,5.0,0.0222,0.3558,0.3632,0.9474,5.0526,no single dominant feature; multivariate behavioral shift
V0353,6,7,7,12,1.6503,0.0358,0.0286,0.1739,0.8254,0.2882,-0.4474,-0.8333,-0.1686,0.0154,0.2753,0.5381,0.8571,6.2857,0.0217,0.2544,0.3512,0.9167,5.75,no single dominant feature; multivariate behavioral shift
V0354,7,8,8,9,1.188,0.3293,0.125,0.2032,0.0329,-0.2689,-0.06,0.0,0.9992,0.016,0.0966,0.5915,1.0,4.75,0.0138,0.0235,0.5917,1.0,6.2222,no single dominant feature; multivariate behavioral shift
V0355,15,16,31,38,1.3476,0.3656,0.125,0.2435,0.2162,0.319,0.2519,-1.3158,-0.6231,0.0269,0.1316,0.5193,0.9355,5.1613,0.0293,0.1561,0.5873,0.8684,4.5526,no single dominant feature; multivariate behavioral shift
V0356,9,9,12,11,0.3923,0.0361,0.0222,0.0626,0.1274,-0.0694,0.1303,0.0,-0.2913,0.0182,0.1546,0.5397,1.0,5.4167,0.0146,0.1049,0.4287,1.0,5.6364,no single dominant feature; multivariate behavioral shift
V0357,7,7,7,10,2.6368,1.0167,0.2571,0.4088,0.4177,0.3414,-0.6548,0.0,-1.6188,0.0139,0.0271,0.7172,1.0,7.7143,0.0183,0.0846,0.6058,1.0,4.6,network exposure decreased (1.6 robust deviations)
V0358,6,7,6,11,3.2274,0.8563,0.2857,0.417,0.8142,0.2867,-1.6404,0.0,-0.0409,0.0134,0.1716,0.6744,1.0,6.0,0.0215,0.1799,0.4656,1.0,5.9091,bid positioning decreased (1.6 robust deviations)
V0359,12,13,22,18,0.8014,0.6931,0.1846,0.243,-0.1475,-0.2292,0.7113,0.0,0.03,0.0243,0.2161,0.4159,0.9091,5.4091,0.0174,0.1271,0.6442,1.0,5.7222,no single dominant feature; multivariate behavioral shift
V0360,9,9,13,12,1.5604,0.4762,0.2,0.2871,0.1564,-0.6286,0.8944,-0.8333,0.4497,0.0201,0.1958,0.4475,0.9231,4.7692,0.0172,0.04,0.5635,0.9167,5.3333,no single dominant feature; multivariate behavioral shift
V0361,6,6,7,6,1.1487,1.0015,0.1667,0.2703,-0.0805,0.2839,-0.4048,0.0,-1.2848,0.0155,0.1479,0.4719,1.0,6.1429,0.0129,0.1603,0.4595,1.0,4.5,no single dominant feature; multivariate behavioral shift
V0362,10,10,14,12,1.7201,0.1498,0.08,0.2342,0.0667,1.0134,-0.0099,0.0,0.2168,0.0183,0.1692,0.4543,0.9286,5.6429,0.0145,0.2991,0.389,1.0,6.4167,no single dominant feature; multivariate behavioral shift
V0363,12,13,20,25,3.6396,0.3473,0.0923,0.3848,0.3037,-0.4147,0.014,-0.8,0.1518,0.0221,0.1795,0.5041,1.0,5.25,0.0229,0.0538,0.504,0.92,5.8,no single dominant feature; multivariate behavioral shift
V0364,10,11,14,17,5.3246,0.5064,0.1636,0.4819,0.4442,0.2004,-0.4788,-1.1765,-0.6348,0.0188,0.2774,0.4598,1.0,5.6429,0.0188,0.2412,0.3645,0.8824,5.0588,no single dominant feature; multivariate behavioral shift
V0365,8,9,10,11,3.6357,0.7095,0.2222,0.4342,0.2204,1.1525,-0.168,0.0,-0.932,0.0162,0.1518,0.5874,1.0,4.9,0.0156,0.3193,0.4881,1.0,4.2727,no single dominant feature; multivariate behavioral shift
V0366,10,10,15,15,3.0512,0.2147,0.1,0.3389,0.3992,0.0762,0.0081,-0.6667,0.5011,0.0198,0.3238,0.4256,1.0,4.8667,0.0179,0.2762,0.4191,0.9333,5.8,no single dominant feature; multivariate behavioral shift
V0367,9,10,13,13,0.5667,0.1912,0.08,0.1209,0.369,-0.0983,-0.0879,0.0,-0.4151,0.0189,0.1417,0.5517,1.0,4.6923,0.0168,0.0891,0.5404,1.0,5.0769,no single dominant feature; multivariate behavioral shift
V0368,12,12,27,23,0.9842,0.5971,0.2,0.2556,-0.5264,0.2089,-0.6583,-0.4348,0.3993,0.0304,0.1842,0.5331,0.8889,5.2963,0.0231,0.1752,0.436,0.9565,5.8696,no single dominant feature; multivariate behavioral shift
V0369,8,9,8,11,1.1849,0.3095,0.0889,0.1985,0.234,0.4379,-0.2471,0.0,-0.4905,0.0135,0.2556,0.5744,1.0,5.375,0.0156,0.2693,0.562,1.0,5.1818,no single dominant feature; multivariate behavioral shift
V0370,11,12,16,21,1.4652,0.5315,0.15,0.282,0.6237,0.2531,0.6741,-0.9524,-0.4882,0.0195,0.1278,0.3582,0.9375,5.8125,0.0212,0.1411,0.4871,0.9048,5.0952,no single dominant feature; multivariate behavioral shift
V0371,10,11,16,15,0.5273,0.3118,0.0909,0.1399,0.1484,0.1382,0.3295,0.0,0.0337,0.0211,0.2434,0.4967,1.0,5.0,0.0161,0.2074,0.5673,1.0,5.8,no single dominant feature; multivariate behavioral shift
V0372,5,5,7,7,1.829,0.3559,0.08,0.2318,0.2783,1.1774,-0.6766,-1.4286,0.1606,0.0184,0.2088,0.5075,0.8571,5.4286,0.0177,0.3626,0.415,0.8571,5.7143,no single dominant feature; multivariate behavioral shift
V0373,8,8,9,13,4.1789,1.2479,0.275,0.5166,0.7887,0.8407,-1.4444,0.0,-0.8647,0.0149,0.0545,0.7095,1.0,7.8889,0.0211,0.201,0.4757,1.0,6.0769,no single dominant feature; multivariate behavioral shift
V0374,5,6,9,6,5.9795,0.8064,0.4667,0.5166,-1.3285,1.3333,-0.5574,0.0,0.0,0.024,0.0533,0.5233,0.8889,5.1111,0.012,0.2333,0.2933,1.0,5.0,no single dominant feature; multivariate behavioral shift
V0375,5,6,8,9,5.6335,0.7895,0.2667,0.4659,-0.0998,1.3824,-1.0885,0.0,-0.3248,0.0186,0.0756,0.5993,1.0,5.75,0.0186,0.2706,0.4463,1.0,4.7778,no single dominant feature; multivariate behavioral shift
V0376,9,9,11,16,5.75,0.5306,0.2,0.4893,0.9191,0.0866,-0.3474,-1.25,-0.6745,0.0169,0.3399,0.4635,1.0,6.0,0.0233,0.2626,0.4349,0.875,6.0,no single dominant feature; multivariate behavioral shift
V0377,8,8,12,12,0.5734,0.0011,0.0,0.0711,0.483,0.3571,-0.1361,0.0,0.0187,0.0214,0.25,0.5056,1.0,5.75,0.0187,0.25,0.4155,1.0,5.0833,no single dominant feature; multivariate behavioral shift
V0378,9,10,9,15,3.7333,0.1796,0.04,0.3414,0.5652,0.2248,0.2543,-0.6667,-0.1079,0.0133,0.3167,0.4825,1.0,4.4444,0.0186,0.2738,0.4742,0.9333,4.6,no single dominant feature; multivariate behavioral shift
V0379,14,14,31,22,0.7119,0.2714,0.0286,0.1404,-0.367,0.4447,0.2045,0.0,0.0165,0.0292,0.2591,0.4318,0.9355,5.0968,0.0199,0.2709,0.4335,1.0,4.5455,no single dominant feature; multivariate behavioral shift
V0380,9,9,15,13,1.5135,0.6942,0.2,0.3084,0.1765,-0.247,-0.8366,-0.3113,1.1414,0.0223,0.1837,0.6181,0.8,4.8667,0.0169,0.0977,0.4896,0.9231,6.6923,no single dominant feature; multivariate behavioral shift
V0381,9,9,20,21,0.7825,0.7109,0.2222,0.2448,0.3582,0.2258,-0.1189,-0.4762,-0.9957,0.0302,0.0994,0.6427,0.9,5.4,0.0296,0.0958,0.6221,0.9524,4.7619,no single dominant feature; multivariate behavioral shift
V0382,5,6,6,10,6.3534,0.3492,0.2,0.4195,0.5742,0.971,-1.2205,-1.0,0.8094,0.0163,0.0938,0.7222,1.0,3.0,0.0193,0.2578,0.2976,0.9,4.2,no single dominant feature; multivariate behavioral shift
V0383,12,12,18,18,1.0107,0.1465,0.0333,0.1559,0.4911,-0.5159,0.1426,0.0,-0.3238,0.0192,0.3056,0.4816,1.0,5.9444,0.0195,0.1389,0.5686,1.0,5.5,no single dominant feature; multivariate behavioral shift
V0384,12,13,22,23,0.5248,0.4874,0.1385,0.1747,0.0605,0.0334,-0.177,-0.4348,0.364,0.025,0.2714,0.421,0.9545,5.0,0.0216,0.2621,0.3491,0.9565,5.7391,no single dominant feature; multivariate behavioral shift
V0385,9,9,13,15,2.4301,2.0403,0.2222,0.4861,0.6121,0.6803,0.0573,-0.6667,-3.1926,0.0192,0.1729,0.3988,0.9231,6.0769,0.0202,0.2517,0.4367,0.9333,4.1333,network exposure decreased (3.2 robust deviations)
V0386,9,9,12,10,1.2069,0.4843,0.1111,0.2348,0.1046,0.5601,0.927,0.0,-0.1012,0.0179,0.2576,0.335,0.9167,6.75,0.0146,0.2898,0.4214,1.0,5.7,no single dominant feature; multivariate behavioral shift
V0387,10,11,17,18,1.5872,0.9639,0.2182,0.3572,0.5343,-0.2075,1.8556,-0.5556,-0.1832,0.0224,0.2186,0.3888,0.9412,5.6471,0.0198,0.1262,0.5772,0.9444,5.4444,bid positioning increased (1.9 robust deviations)
V0388,7,8,9,10,2.0112,0.6154,0.175,0.3126,0.23,1.2312,-0.5781,0.0,0.1686,0.0174,0.1719,0.5448,0.7778,5.2222,0.0156,0.3487,0.4714,1.0,5.5,no single dominant feature; multivariate behavioral shift
V0389,6,7,8,11,1.0602,0.3852,0.1714,0.2021,0.5081,0.3804,-0.7058,0.0,0.161,0.0183,0.1391,0.7165,0.875,5.0,0.0193,0.1734,0.5803,1.0,4.7273,no single dominant feature; multivariate behavioral shift
V0390,9,9,11,12,3.784,0.1532,0.0889,0.3515,0.3361,0.2835,-0.0712,-0.8333,-0.0281,0.0165,0.2685,0.3977,1.0,4.2727,0.0169,0.2536,0.4736,0.9167,3.9167,no single dominant feature; multivariate behavioral shift
V0391,9,10,13,16,0.8287,0.0758,0.04,0.1233,0.6519,0.0515,-0.0871,-0.625,0.0281,0.019,0.0744,0.564,0.9231,5.5385,0.02,0.0643,0.5476,0.9375,5.0625,no single dominant feature; multivariate behavioral shift
V0392,10,11,15,18,0.6646,0.2192,0.0909,0.143,0.4765,-0.1353,-0.4577,0.0,0.0937,0.0201,0.1212,0.4706,0.8667,4.8,0.0202,0.0644,0.4627,1.0,5.2778,no single dominant feature; multivariate behavioral shift
V0393,6,7,7,8,1.5079,0.4328,0.0857,0.2264,-0.0437,-0.2857,-0.6196,0.0,1.1081,0.0158,0.1077,0.6821,1.0,5.1429,0.0143,0.0286,0.5146,1.0,7.875,no single dominant feature; multivariate behavioral shift
V0394,10,11,16,25,3.7883,0.2231,0.1091,0.378,1.2665,-0.453,0.5095,-0.8,0.451,0.0218,0.2151,0.4893,1.0,3.6875,0.0276,0.0559,0.6477,0.92,4.92,no single dominant feature; multivariate behavioral shift
V0395,8,8,13,13,1.592,0.4322,0.225,0.2814,0.1314,0.5379,-0.0077,-1.1069,-0.2335,0.0206,0.166,0.5292,0.7692,6.1538,0.0206,0.2186,0.5289,0.6923,5.8462,no single dominant feature; multivariate behavioral shift
V0396,14,15,22,29,0.4444,0.2965,0.1333,0.1381,-0.016,-0.2185,-0.1038,0.0,0.2891,0.0211,0.2122,0.4937,1.0,4.4091,0.0238,0.1126,0.5058,1.0,5.0,no single dominant feature; multivariate behavioral shift
V0397,8,8,12,12,1.0322,0.2483,0.125,0.1844,0.3903,-0.5159,0.6314,0.0,0.0293,0.0202,0.3056,0.4278,1.0,5.75,0.0182,0.1944,0.5797,1.0,5.8333,no single dominant feature; multivariate behavioral shift
V0400,9,9,10,14,6.484,0.1183,0.0667,0.4162,0.6042,0.0714,-0.084,-1.4286,-0.2891,0.0148,0.1875,0.4267,1.0,5.0,0.019,0.15,0.4689,0.8571,4.5714,no single dominant feature; multivariate behavioral shift
V0401,7,7,8,8,0.7553,0.214,0.0857,0.1377,0.0782,-0.0893,-0.1985,0.0,0.5902,0.0148,0.2232,0.5037,1.0,4.25,0.0141,0.1518,0.4789,1.0,5.75,no single dominant feature; multivariate behavioral shift
V0402,10,11,16,13,1.5445,1.2049,0.1818,0.3663,0.1984,0.7648,1.0566,0.0,1.0089,0.0219,0.3213,0.2823,0.9375,5.125,0.015,0.3721,0.3713,1.0,6.3077,no single dominant feature; multivariate behavioral shift
V0403,10,10,18,16,0.8582,0.4038,0.2,0.2178,-0.5033,0.4269,-0.1277,0.0,-0.0141,0.0241,0.1691,0.5235,0.9444,5.6667,0.0206,0.1845,0.4645,1.0,5.8125,no single dominant feature; multivariate behavioral shift
V0404,11,11,15,23,1.9224,0.6506,0.1091,0.3243,1.0906,0.5263,-0.2439,0.0,0.2346,0.0182,0.1479,0.5805,1.0,3.8,0.0261,0.2105,0.5004,1.0,4.3913,no single dominant feature; multivariate behavioral shift
V0405,8,9,11,14,0.9618,0.0389,0.0222,0.1232,0.4541,-0.4457,0.2532,0.0,0.2248,0.018,0.1459,0.4784,1.0,5.5455,0.0195,0.024,0.5105,1.0,6.0,no single dominant feature; multivariate behavioral shift
V0406,7,8,9,11,1.0487,0.3801,0.175,0.2081,0.4588,0.084,0.4951,-0.9091,-0.4905,0.0174,0.1067,0.4636,0.8889,6.0,0.0181,0.0941,0.5579,0.9091,5.8182,no single dominant feature; multivariate behavioral shift
V0407,11,11,20,20,4.5751,0.1363,0.0727,0.3858,-0.2406,-0.5939,0.244,-1.0,-0.371,0.0231,0.2712,0.4608,1.0,5.5,0.0214,0.0788,0.4766,0.9,5.45,no single dominant feature; multivariate behavioral shift
V0408,7,7,10,11,1.1029,0.216,0.1143,0.1784,0.5257,0.4562,0.046,0.0,0.0433,0.0181,0.1161,0.6208,1.0,4.3,0.0195,0.1681,0.5227,1.0,5.0909,no single dominant feature; multivariate behavioral shift
V0409,7,7,9,9,1.0409,0.5506,0.1714,0.2263,0.3602,0.0543,0.405,0.0,-1.2491,0.017,0.3111,0.3992,0.8889,6.3333,0.0169,0.2444,0.5046,1.0,5.1111,no single dominant feature; multivariate behavioral shift
V0410,9,10,18,12,1.6718,0.2583,0.12,0.2485,-0.4594,-0.3492,0.5843,-0.8333,-0.5132,0.0267,0.1,0.5083,0.9444,5.0,0.015,0.0222,0.6318,0.9167,4.5833,no single dominant feature; multivariate behavioral shift
V0411,6,7,9,8,0.3019,0.1722,0.1143,0.0855,0.0022,-0.042,0.2427,0.0,0.281,0.0191,0.2039,0.3864,0.7778,5.2222,0.0139,0.1471,0.4663,1.0,5.875,no single dominant feature; multivariate behavioral shift
V0412,8,8,10,10,2.0481,0.6536,0.225,0.3414,0.3021,1.0536,0.2293,-1.0,-1.0157,0.0163,0.2375,0.3964,0.9,6.1,0.0161,0.3625,0.4296,0.9,5.4,no single dominant feature; multivariate behavioral shift
V0413,11,12,15,25,3.9268,0.8403,0.2333,0.4913,1.2869,-0.1843,-0.7429,-0.8,0.1747,0.0181,0.1786,0.6754,1.0,4.5333,0.026,0.0887,0.5399,0.92,5.12,no single dominant feature; multivariate behavioral shift
V0414,10,11,19,12,1.5238,0.3379,0.0909,0.2473,-0.6378,0.8705,-0.2549,0.0,0.0749,0.0255,0.2219,0.4915,0.8947,4.9474,0.0139,0.3082,0.4197,1.0,5.0833,no single dominant feature; multivariate behavioral shift
V0415,9,9,15,14,1.4181,0.6588,0.1778,0.2908,-0.3617,0.7709,-0.7025,0.0,-0.7066,0.0213,0.2791,0.4366,0.9333,5.8667,0.0193,0.3431,0.3698,1.0,4.7143,no single dominant feature; multivariate behavioral shift
V0417,12,12,20,17,3.6356,1.1675,0.2667,0.5182,-0.1975,1.8701,-1.2862,-0.5882,-0.3201,0.0221,0.0884,0.7271,0.9,4.5,0.0178,0.3608,0.363,0.9412,4.1765,win rate increased (1.9 robust deviations)
V0418,8,8,9,9,1.0568,0.1477,0.075,0.161,0.1288,0.7302,-0.1329,0.0,-0.0571,0.0144,0.2444,0.3793,1.0,6.0,0.0143,0.3111,0.3963,1.0,4.8889,no single dominant feature; multivariate behavioral shift
V0419,12,12,29,27,1.1848,0.4752,0.1333,0.2443,-0.1246,0.6741,0.3542,-0.7407,-0.005,0.0323,0.1796,0.5823,0.8621,4.8276,0.0275,0.2511,0.5792,0.9259,4.7407,no single dominant feature; multivariate behavioral shift
V0420,8,8,12,10,1.6786,0.5275,0.2,0.2938,0.1634,-0.8766,0.5707,-1.0,-0.4497,0.0188,0.2828,0.3951,0.9167,5.8333,0.0159,0.0682,0.5558,0.9,5.0,no single dominant feature; multivariate behavioral shift
V0421,12,12,25,21,0.7911,0.2642,0.0833,0.162,-0.2878,0.2392,0.2798,-0.4762,-0.439,0.0276,0.1992,0.5009,0.92,5.8,0.022,0.1916,0.4803,0.9524,4.5238,no single dominant feature; multivariate behavioral shift
V0422,9,9,13,14,1.2138,0.5122,0.1333,0.2443,0.4398,-0.3333,-0.446,0.0,-1.3786,0.02,0.3684,0.484,1.0,6.6923,0.0195,0.3,0.4061,1.0,4.7857,no single dominant feature; multivariate behavioral shift
V0423,5,5,6,5,1.3367,0.5152,0.16,0.23,-0.1315,0.0557,0.9578,0.0,-0.1349,0.0155,0.303,0.2274,0.8333,5.0,0.0118,0.2397,0.5036,1.0,4.8,no single dominant feature; multivariate behavioral shift
V0424,11,12,17,23,2.2898,1.2587,0.25,0.4461,0.9562,0.3842,0.4154,0.0,-1.4956,0.0216,0.0696,0.507,0.9412,6.2353,0.0248,0.1241,0.5743,1.0,4.7826,no single dominant feature; multivariate behavioral shift
V0425,4,4,7,5,2.2173,0.4113,0.25,0.2886,-1.0997,-1.0552,0.2772,0.0,0.1686,0.0238,0.2308,0.4889,1.0,5.0,0.015,0.0909,0.6,1.0,5.0,no single dominant feature; multivariate behavioral shift
V0426,11,11,18,22,1.6872,1.4826,0.3091,0.4323,0.84,-0.0893,-0.2775,-0.4545,-2.2074,0.0213,0.1562,0.5235,0.9444,6.3333,0.024,0.0982,0.5295,0.9545,4.8182,network exposure decreased (2.2 robust deviations)
V0427,7,7,9,10,4.9401,1.8207,0.2,0.5434,0.4719,0.86,-0.1542,-1.0,-2.4282,0.0175,0.1509,0.5741,1.0,6.2222,0.0181,0.2664,0.6042,0.9,5.1,network exposure decreased (2.4 robust deviations)
V0429,8,9,12,14,1.4824,0.8475,0.2444,0.3223,-0.0382,0.4382,-0.0857,0.0,-1.6188,0.0202,0.3504,0.428,1.0,6.1667,0.0183,0.4154,0.317,1.0,5.0,network exposure decreased (1.6 robust deviations)
V0430,7,8,8,12,5.4227,1.0437,0.325,0.5305,0.5163,1.1746,-2.2639,0.0,-0.3653,0.0146,0.0857,0.6491,0.875,5.75,0.0185,0.2889,0.2191,1.0,4.9167,bid positioning decreased (2.3 robust deviations)
V0431,8,8,11,12,1.7228,0.014,0.0,0.1814,0.4058,0.7557,0.1173,-1.6667,0.0999,0.0177,0.1202,0.5725,0.9091,4.8182,0.018,0.2246,0.5749,0.8333,6.1667,market breadth decreased (1.7 robust deviations)
V0433,10,11,14,21,4.106,0.728,0.2727,0.4962,0.8625,0.9448,-0.5241,-0.9524,-0.9636,0.0191,0.0429,0.6449,0.8571,6.8571,0.0223,0.2169,0.4316,0.9048,5.5714,no single dominant feature; multivariate behavioral shift
V0434,10,10,23,15,1.9686,0.847,0.28,0.392,-0.9447,0.7472,-0.4966,-0.4796,0.1542,0.0311,0.0962,0.6651,0.8696,4.8696,0.0189,0.1805,0.517,0.9333,5.2667,no single dominant feature; multivariate behavioral shift
V0435,5,5,6,7,1.4502,0.4023,0.24,0.2436,0.5171,0.7861,-0.5139,0.0,0.1285,0.0157,0.359,0.5714,1.0,4.3333,0.0187,0.4083,0.4694,1.0,4.5714,no single dominant feature; multivariate behavioral shift
V0436,9,10,14,14,1.5837,0.508,0.14,0.2784,0.4032,-0.6552,1.1451,0.0,-0.1285,0.0205,0.3143,0.303,0.8571,5.7143,0.018,0.1143,0.599,1.0,5.7143,no single dominant feature; multivariate behavioral shift
V0437,11,12,20,13,1.5207,0.6576,0.2167,0.3186,-1.0049,0.663,-0.0765,0.0,-0.4151,0.0245,0.3531,0.353,0.9,5.9,0.0139,0.378,0.3515,1.0,5.3846,no single dominant feature; multivariate behavioral shift
V0438,12,13,17,27,5.3823,0.9561,0.2462,0.5538,1.0451,0.8894,0.0699,-1.1111,-0.1998,0.0188,0.1462,0.4481,1.0,6.0,0.0255,0.2837,0.3992,0.8889,5.7037,no single dominant feature; multivariate behavioral shift
V0439,8,8,10,9,3.3408,1.1167,0.35,0.4894,0.0598,1.8897,-0.9687,0.0,0.4497,0.0152,0.1809,0.5967,0.9,4.8,0.0141,0.4596,0.2996,1.0,5.3333,win rate increased (1.9 robust deviations)
V0441,5,6,7,10,1.0986,0.2349,0.1,0.1655,0.3972,-0.2836,-0.054,-1.0,-0.4946,0.0195,0.1041,0.5663,0.8571,5.4286,0.0193,0.0221,0.64,0.9,4.9,no single dominant feature; multivariate behavioral shift
V0443,4,5,4,7,6.8633,0.059,0.04,0.344,0.5486,0.8691,-0.0766,-1.4286,-0.6022,0.0135,0.3182,0.4904,1.0,7.25,0.0188,0.3986,0.4524,0.8571,3.4286,no single dominant feature; multivariate behavioral shift
V0445,5,6,7,9,2.3347,0.6168,0.2333,0.3242,0.3568,0.381,-0.8249,-1.1111,-1.2291,0.0182,0.0288,0.75,0.8571,6.7143,0.0187,0.0917,0.67,0.8889,5.2222,no single dominant feature; multivariate behavioral shift
V0447,6,7,9,11,8.1753,0.3797,0.2,0.4608,0.5798,-0.084,0.7445,-1.8182,0.2555,0.0201,0.3,0.375,1.0,4.5556,0.019,0.2059,0.5737,0.8182,5.0909,market breadth decreased (1.8 robust deviations)
V0448,6,6,6,7,6.6342,1.6714,0.2,0.5513,0.1009,0.6255,-0.6607,-1.4286,3.2761,0.0135,0.1987,0.6389,1.0,3.5,0.0141,0.2604,0.4439,0.8571,5.4286,network exposure increased (3.3 robust deviations)
V0451,11,12,17,14,0.195,0.1778,0.0833,0.076,-0.1156,0.1014,-0.071,0.0,0.0642,0.0211,0.1725,0.548,0.9412,5.6471,0.0139,0.1484,0.6003,1.0,5.7857,no single dominant feature; multivariate behavioral shift
V0452,8,8,10,10,4.5097,0.157,0.05,0.3582,0.1611,0.2857,-0.4235,-1.0,-0.0405,0.0173,0.2,0.6732,1.0,4.6,0.0154,0.2,0.5642,0.9,4.6,no single dominant feature; multivariate behavioral shift
V0453,10,11,15,17,1.1488,0.3835,0.1273,0.2273,0.47,0.7453,-0.3941,0.0,0.1445,0.02,0.2798,0.3488,1.0,5.2667,0.0182,0.3424,0.3211,1.0,5.0,no single dominant feature; multivariate behavioral shift
V0454,12,13,20,23,0.7382,0.3507,0.1385,0.1819,-0.1478,-0.2177,0.4084,-0.8696,0.0943,0.0225,0.186,0.4894,0.9,5.5,0.0224,0.0978,0.6422,0.913,5.5652,no single dominant feature; multivariate behavioral shift
V0455,12,13,26,17,1.8017,0.3069,0.1077,0.2707,-0.4903,1.0646,-0.3284,0.0,-0.4315,0.0275,0.1286,0.6091,0.8846,5.5385,0.0161,0.2659,0.4791,1.0,5.2353,no single dominant feature; multivariate behavioral shift
V0456,7,7,9,9,1.2238,0.4675,0.2,0.2401,0.3252,-0.0952,0.5198,-1.1111,-1.0492,0.0165,0.2,0.4961,0.8889,6.6667,0.0166,0.1333,0.5682,0.8889,6.4444,no single dominant feature; multivariate behavioral shift
V0457,5,6,6,9,0.9756,0.1772,0.1333,0.1546,0.4638,-0.3048,0.0914,0.0,-0.1499,0.0155,0.1167,0.5536,1.0,5.8333,0.0176,0.0267,0.6037,1.0,5.7778,no single dominant feature; multivariate behavioral shift
V0458,10,11,19,16,1.883,0.6943,0.2727,0.3671,-0.8971,-0.6248,-0.2046,-1.875,0.5902,0.0249,0.248,0.4927,0.8947,4.1579,0.0178,0.1455,0.4031,0.8125,5.3125,market breadth decreased (1.9 robust deviations)
V0459,8,8,10,11,4.7735,1.0102,0.35,0.5336,0.2516,1.8487,-1.0901,0.0,-1.2848,0.0166,0.1875,0.6207,1.0,6.2,0.0163,0.4706,0.1902,1.0,3.0,win rate increased (1.8 robust deviations)
V0460,12,12,25,17,0.9232,0.1718,0.0667,0.1588,-0.1695,0.3017,-0.2859,0.0,0.119,0.0269,0.0829,0.5685,0.92,4.6,0.0179,0.1118,0.4943,1.0,4.7647,no single dominant feature; multivariate behavioral shift
V0461,7,7,8,8,1.5224,0.1437,0.0857,0.1982,0.0903,0.8036,-0.0096,0.0,-0.6226,0.0151,0.2768,0.3097,1.0,5.875,0.0139,0.3482,0.3304,1.0,4.5,no single dominant feature; multivariate behavioral shift
V0463,8,9,8,11,2.236,0.645,0.2,0.3474,0.3003,0.7032,-0.9851,0.0,0.9504,0.0134,0.1617,0.65,1.0,3.375,0.0159,0.2508,0.3182,1.0,4.9091,no single dominant feature; multivariate behavioral shift
V0464,10,10,18,15,2.4877,1.0882,0.32,0.4621,-0.4945,0.9957,-0.2043,0.0,-1.7649,0.023,0.1856,0.5065,1.0,6.5,0.019,0.3074,0.4333,1.0,4.1333,network exposure decreased (1.8 robust deviations)
V0465,7,8,7,11,8.3324,0.0952,0.1,0.4177,0.344,0.6443,-0.1925,-1.8182,0.0613,0.0134,0.1795,0.4286,1.0,4.5714,0.0164,0.2549,0.4144,0.8182,5.0909,market breadth decreased (1.8 robust deviations)
V0468,10,10,12,14,2.9528,0.432,0.16,0.3785,0.4136,1.5,-0.4405,0.0,0.4936,0.0158,0.1453,0.5082,0.9167,4.3333,0.0176,0.3808,0.3756,1.0,5.5714,win rate increased (1.5 robust deviations)
V0469,10,10,14,17,2.3696,0.7019,0.24,0.3953,0.676,0.8275,-0.0867,-1.7647,0.8162,0.019,0.1677,0.523,0.9286,4.6429,0.0202,0.2763,0.4353,0.8235,5.0588,market breadth decreased (1.8 robust deviations)
V0470,11,11,18,15,1.6281,0.5695,0.1636,0.3043,-0.399,0.8225,-1.0117,0.0,0.4646,0.0218,0.2348,0.581,1.0,4.1667,0.017,0.316,0.4167,1.0,4.5333,no single dominant feature; multivariate behavioral shift
V0471,4,5,7,7,6.401,0.1397,0.08,0.356,-0.1267,-0.0898,0.4179,-1.4286,-0.234,0.0217,0.3956,0.2976,1.0,5.0,0.0163,0.3187,0.3726,0.8571,5.4286,no single dominant feature; multivariate behavioral shift
V0472,12,13,15,22,2.4996,0.9253,0.2462,0.429,0.7582,0.222,0.683,-0.4545,-0.7235,0.0172,0.26,0.2823,1.0,5.8667,0.021,0.2307,0.4399,0.9545,4.9091,no single dominant feature; multivariate behavioral shift
V0473,8,9,8,11,4.2799,0.3347,0.1333,0.3942,0.1505,-0.2654,0.6442,-0.9091,0.6847,0.0136,0.094,0.5208,1.0,4.25,0.0148,0.0186,0.699,0.9091,5.5455,no single dominant feature; multivariate behavioral shift
V0474,4,5,5,5,4.9957,0.4632,0.16,0.3825,-0.2035,1.1948,-0.8672,0.0,-0.7195,0.0169,0.1091,0.6079,1.0,5.8,0.0124,0.2909,0.4,1.0,4.4,no single dominant feature; multivariate behavioral shift
V0475,8,9,10,14,1.4377,0.2409,0.0889,0.2119,0.4904,0.5714,-0.458,0.0,0.0578,0.0162,0.125,0.6117,0.9,5.3,0.0188,0.2,0.5247,1.0,5.7143,no single dominant feature; multivariate behavioral shift
V0476,7,7,9,12,1.1747,0.4657,0.2,0.2355,0.6655,0.3628,-0.1546,0.0,0.3935,0.0185,0.1238,0.5981,0.7778,5.1111,0.0209,0.1587,0.5903,1.0,5.5833,no single dominant feature; multivariate behavioral shift
V0478,9,10,15,15,3.1227,0.3983,0.12,0.3621,-0.3966,-0.4762,0.158,-0.6667,0.5756,0.0218,0.2381,0.4867,1.0,5.2667,0.0179,0.0952,0.5586,0.9333,6.0667,no single dominant feature; multivariate behavioral shift
V0479,5,5,6,8,5.8471,0.9307,0.36,0.5023,0.5872,0.102,1.4512,-1.25,-1.1804,0.0164,0.1548,0.3403,1.0,5.8333,0.019,0.1327,0.5701,0.875,5.125,no single dominant feature; multivariate behavioral shift
V0480,5,6,7,7,1.9059,0.4938,0.2,0.2778,0.0643,-0.5651,1.1427,0.0,-0.819,0.0181,0.2198,0.2983,1.0,7.0,0.0138,0.0659,0.6003,1.0,5.5714,no single dominant feature; multivariate behavioral shift
V0481,14,15,26,38,3.6116,1.1415,0.28,0.5182,0.4354,0.5296,-0.6266,-2.3684,-0.9555,0.0243,0.0859,0.5778,0.9615,5.6538,0.0312,0.1534,0.4752,0.7632,4.5,market breadth decreased (2.4 robust deviations)
V0482,5,5,7,9,5.5037,0.5661,0.16,0.419,0.8887,0.381,-0.2247,-1.1111,1.0492,0.0178,0.0288,0.631,1.0,4.7143,0.0238,0.0917,0.5556,0.8889,5.5556,no single dominant feature; multivariate behavioral shift
V0483,13,13,25,30,1.4677,0.3338,0.0769,0.2382,0.3905,0.0079,-0.0958,-1.3333,-0.2998,0.0253,0.2323,0.5002,0.96,5.12,0.0281,0.1722,0.5365,0.8667,4.8333,no single dominant feature; multivariate behavioral shift
V0484,8,9,13,13,0.9857,0.7956,0.1556,0.2509,-0.0716,-0.3065,0.7408,0.0,-0.8005,0.0215,0.2065,0.5248,1.0,7.4615,0.0186,0.1012,0.6919,1.0,5.9231,no single dominant feature; multivariate behavioral shift
V0485,11,12,20,22,4.1453,0.6083,0.1667,0.4575,-0.125,0.2041,-0.4866,-0.9091,0.5996,0.024,0.1978,0.4526,1.0,5.35,0.023,0.1837,0.4098,0.9091,6.0,no single dominant feature; multivariate behavioral shift
V0486,7,7,8,9,1.983,0.111,0.0857,0.2281,0.2809,0.3978,0.3232,0.0,-0.2998,0.015,0.0252,0.6521,1.0,5.125,0.0161,0.0902,0.6278,1.0,5.1111,no single dominant feature; multivariate behavioral shift
V0487,6,6,10,8,5.7073,0.4292,0.3,0.4538,-0.7846,0.2976,-0.4613,-1.25,-0.176,0.0224,0.1042,0.5592,1.0,6.1,0.0176,0.119,0.4522,0.875,6.125,no single dominant feature; multivariate behavioral shift
V0488,10,11,16,20,1.7599,0.7696,0.1636,0.3382,0.6852,0.0733,1.6505,-1.0,0.1425,0.0217,0.1212,0.4362,0.9375,5.0625,0.0213,0.1026,0.6093,0.9,5.1,bid positioning increased (1.7 robust deviations)
V0489,8,8,14,13,0.8921,0.5206,0.175,0.2164,-0.2139,0.1253,-0.5597,0.0,-1.1697,0.0236,0.0722,0.5213,1.0,6.5714,0.0198,0.076,0.4576,1.0,5.0769,no single dominant feature; multivariate behavioral shift
V0490,5,6,9,7,1.5325,0.2676,0.2,0.2257,-0.6948,-0.8547,0.2168,0.0,-0.0321,0.0241,0.3,0.5079,1.0,5.5556,0.0146,0.1923,0.5298,1.0,5.4286,no single dominant feature; multivariate behavioral shift
V0491,6,7,6,9,7.1147,0.218,0.0857,0.4041,0.3637,1.0857,-0.1456,-1.1111,0.3497,0.0133,0.1,0.5159,1.0,4.8333,0.0166,0.28,0.4222,0.8889,5.7778,no single dominant feature; multivariate behavioral shift
V0492,5,6,7,7,2.2264,0.3333,0.1,0.2589,0.0555,0.4867,-0.5097,0.0,0.5781,0.0181,0.033,0.5213,1.0,5.4286,0.0135,0.1099,0.3381,1.0,6.8571,no single dominant feature; multivariate behavioral shift
V0494,9,9,14,15,9.3189,1.1986,0.2889,0.6249,0.4308,-1.4224,1.7285,-2.0,-0.8094,0.0212,0.4534,0.2585,1.0,5.5714,0.0199,0.2414,0.57,0.8,4.8,market breadth decreased (2.0 robust deviations); bid positioning increased (1.7 robust deviations)
V0495,10,10,20,16,0.843,0.2508,0.08,0.1651,-0.0885,0.6818,-0.3775,0.0,-0.3292,0.0259,0.1603,0.5549,0.95,4.8,0.019,0.2348,0.497,1.0,4.5625,no single dominant feature; multivariate behavioral shift
V0496,9,10,13,13,3.5694,0.4938,0.16,0.4052,0.2392,-0.4164,-0.1641,-0.7692,0.8301,0.0201,0.1296,0.5648,1.0,4.7692,0.0156,0.0243,0.5635,0.9231,6.2308,no single dominant feature; multivariate behavioral shift
V0497,5,6,6,10,9.4754,0.6,0.1333,0.4641,0.7264,0.6473,-0.326,-2.0,-0.2248,0.0154,0.0625,0.5373,1.0,5.6667,0.0203,0.1719,0.5517,0.8,5.0,market breadth decreased (2.0 robust deviations)
V0498,7,7,9,10,4.8932,0.0268,0.0286,0.3344,0.2624,1.1137,0.059,-2.0,-0.3372,0.0175,0.0632,0.5296,0.8889,5.4444,0.0175,0.2467,0.5292,0.8,5.0,market breadth decreased (2.0 robust deviations)
V0499,8,9,12,13,2.3961,0.3007,0.1333,0.3008,0.3545,-1.4985,0.3914,-1.5385,0.0692,0.0208,0.44,0.316,0.8333,4.8333,0.0179,0.2063,0.4609,0.8462,5.7692,market breadth decreased (1.5 robust deviations)
V0501,8,8,12,9,1.7251,0.435,0.25,0.2982,-0.0401,1.1429,-0.4748,0.0,-0.712,0.0201,0.2778,0.4493,0.9167,5.5,0.0142,0.4,0.2611,1.0,4.6667,no single dominant feature; multivariate behavioral shift
V0502,12,12,26,27,1.9276,0.5939,0.1333,0.3241,0.3108,0.3917,0.3045,-1.1111,-0.2284,0.0281,0.0071,0.6034,0.8846,5.6538,0.0293,0.0675,0.6207,0.8889,5.5556,no single dominant feature; multivariate behavioral shift
V0503,5,5,6,7,6.6792,0.19,0.16,0.3967,0.4248,-1.2921,0.1767,-1.4286,0.0482,0.0153,0.4038,0.4722,1.0,4.5,0.0174,0.2189,0.5476,0.8571,4.1429,no single dominant feature; multivariate behavioral shift
V0504,12,13,22,19,1.4079,0.2935,0.1385,0.2426,-0.0514,0.6453,0.0572,-1.5789,0.3324,0.0246,0.1899,0.5472,0.8636,4.5455,0.0184,0.2527,0.5955,0.8421,5.0526,market breadth decreased (1.6 robust deviations)
V0505,8,8,10,8,1.5318,0.512,0.175,0.2742,-0.1845,-0.7143,0.81,0.0,-0.7264,0.0164,0.25,0.4857,1.0,5.9,0.0121,0.0714,0.7144,1.0,5.25,no single dominant feature; multivariate behavioral shift
V0507,6,6,7,9,1.2801,0.4921,0.2,0.2397,0.6638,0.4762,0.2162,0.0,0.0749,0.015,0.1635,0.4986,1.0,6.4286,0.0195,0.2083,0.5265,1.0,6.5556,no single dominant feature; multivariate behavioral shift
V0509,12,12,21,21,4.4299,0.8606,0.2667,0.5208,-0.3899,0.4233,0.0176,-0.9524,0.7387,0.0236,0.1481,0.551,1.0,4.7143,0.0216,0.1852,0.5217,0.9048,5.0952,no single dominant feature; multivariate behavioral shift
V0510,9,9,15,15,5.9807,0.0083,0.0,0.3734,0.1596,0.2857,-0.1301,-1.3333,0.06,0.0204,0.2,0.4718,1.0,5.2667,0.0212,0.2,0.4472,0.8667,5.1333,no single dominant feature; multivariate behavioral shift
V0511,7,7,10,8,1.6436,0.2103,0.1143,0.2233,0.0632,0.7143,-0.2893,0.0,0.6745,0.0196,0.125,0.5009,1.0,5.9,0.0149,0.2143,0.3003,1.0,6.0,no single dominant feature; multivariate behavioral shift
V0512,10,10,13,21,2.8986,0.7174,0.18,0.4148,1.3436,-0.3828,0.3254,-0.4762,0.4256,0.0174,0.3375,0.3571,1.0,5.0769,0.0269,0.1634,0.4855,0.9524,5.381,no single dominant feature; multivariate behavioral shift
V0513,13,14,28,27,1.7298,0.9296,0.2,0.3614,-0.2055,0.5923,-0.2483,-0.7407,-0.9193,0.0287,0.0781,0.5191,0.9286,5.8214,0.0234,0.141,0.4664,0.9259,5.2963,no single dominant feature; multivariate behavioral shift
V0514,7,7,12,10,3.9331,0.9364,0.2286,0.4551,-0.4624,0.9091,-0.6208,0.0,-0.3372,0.0235,0.0303,0.6416,0.8333,5.3333,0.0187,0.1591,0.5054,1.0,5.0,no single dominant feature; multivariate behavioral shift
V0515,4,4,4,5,9.0103,0.061,0.05,0.3667,0.2294,-0.3463,-0.0059,-2.0,-0.1349,0.0119,0.1667,0.5625,1.0,5.75,0.0143,0.0606,0.6214,0.8,5.8,market breadth decreased (2.0 robust deviations)
V0516,10,11,17,15,0.9564,0.6497,0.1818,0.2542,0.1731,0.2381,0.303,0.0,-0.7374,0.0226,0.1196,0.5018,0.8235,5.2353,0.0169,0.131,0.5689,1.0,4.4667,no single dominant feature; multivariate behavioral shift
V0517,9,9,16,12,3.2217,0.4141,0.1778,0.3832,0.1524,0.737,0.583,0.0,0.3372,0.0233,0.0195,0.537,0.9375,5.8125,0.0164,0.1349,0.6392,1.0,6.5,no single dominant feature; multivariate behavioral shift
V0520,5,6,5,7,2.5271,0.7637,0.3333,0.3704,0.1297,1.4286,-1.2134,0.0,-0.7066,0.0134,0.3182,0.5864,1.0,6.0,0.0146,0.5,0.25,1.0,5.4286,no single dominant feature; multivariate behavioral shift
V0521,6,7,10,7,1.6831,0.7295,0.2286,0.3024,-0.8272,-0.4931,1.123,0.0,-0.2891,0.0227,0.2757,0.4069,1.0,4.8,0.0125,0.1855,0.7464,1.0,4.1429,no single dominant feature; multivariate behavioral shift
V0523,12,12,18,16,1.63,0.1724,0.1,0.235,0.2568,1.0084,-0.3939,-0.625,-0.2623,0.0197,0.2402,0.4878,0.9444,5.6111,0.0168,0.3529,0.3609,0.9375,4.875,no single dominant feature; multivariate behavioral shift
V0525,11,11,24,17,1.9575,0.6299,0.2,0.3473,-0.4091,-0.8232,0.3057,-0.5882,-1.0665,0.0289,0.287,0.4636,0.9167,6.3333,0.0191,0.2439,0.4701,0.9412,4.5294,no single dominant feature; multivariate behavioral shift
V0526,8,9,13,15,2.3282,1.8889,0.2,0.4514,0.0934,-0.3175,-0.4614,-0.2398,-3.4534,0.0222,0.2895,0.5029,0.7692,6.7692,0.0213,0.2143,0.4983,0.9333,4.8667,network exposure decreased (3.5 robust deviations)
V0527,7,7,7,8,0.906,0.2633,0.0857,0.1594,0.0579,-0.5714,0.3047,0.0,0.3372,0.0135,0.2154,0.4167,1.0,4.8571,0.0137,0.0571,0.6129,1.0,4.5,no single dominant feature; multivariate behavioral shift
V0528,8,9,11,14,2.6477,1.0427,0.2889,0.4327,0.5833,1.2171,-0.7187,-1.4286,1.3972,0.0179,0.2306,0.5446,0.8182,4.2727,0.0187,0.396,0.2424,0.8571,6.0714,no single dominant feature; multivariate behavioral shift
V0529,7,7,13,11,3.0392,0.2746,0.1429,0.3254,0.0505,-0.084,-0.7797,-2.7273,0.436,0.0228,0.2895,0.457,0.9231,5.2308,0.0201,0.2059,0.365,0.7273,6.7273,market breadth decreased (2.7 robust deviations)
V0530,10,10,14,15,3.0363,0.2472,0.1,0.3428,0.3031,0.1642,0.3125,-0.6667,0.1461,0.0191,0.1414,0.4429,1.0,5.2143,0.0176,0.1346,0.5407,0.9333,5.9333,no single dominant feature; multivariate behavioral shift
V0531,11,12,21,22,1.22,0.9057,0.1833,0.309,0.488,0.5897,-0.9572,-0.4545,0.327,0.0248,0.1525,0.6066,0.9048,5.0476,0.0226,0.2184,0.4908,0.9545,5.2273,no single dominant feature; multivariate behavioral shift
V0532,10,10,15,14,0.7111,0.2742,0.14,0.1686,0.257,0.3473,-0.2089,0.0,0.1767,0.0199,0.202,0.5556,0.9333,5.0,0.0165,0.2121,0.6278,1.0,5.4286,no single dominant feature; multivariate behavioral shift
V0533,11,11,16,21,4.7815,0.9319,0.2545,0.5365,0.8592,1.0482,0.0587,-0.9524,-0.7994,0.0194,0.1572,0.4913,1.0,6.1875,0.0237,0.3133,0.4533,0.9048,4.6667,no single dominant feature; multivariate behavioral shift
V0534,4,4,5,4,1.0142,0.3034,0.15,0.1708,-0.2908,0.0,-0.1405,0.0,-1.0117,0.0167,0.0,0.64,1.0,7.0,0.0112,0.0,0.5982,1.0,5.5,no single dominant feature; multivariate behavioral shift
V0535,4,5,5,5,0.398,0.0,0.0,0.0441,-0.0552,-0.1255,-0.254,0.0,-0.1927,0.0155,0.4,0.4457,0.8,4.4,0.0127,0.4,0.1733,1.0,4.0,no single dominant feature; multivariate behavioral shift
V0536,9,9,12,10,0.5517,0.3886,0.1111,0.1536,-0.0857,0.1542,-0.3451,0.0,0.4047,0.0181,0.2424,0.5326,0.9167,4.9167,0.0134,0.2102,0.4239,1.0,6.1,no single dominant feature; multivariate behavioral shift
V0537,11,12,17,15,1.243,0.6066,0.1333,0.2661,0.1644,0.5357,0.4308,0.0,0.3957,0.0197,0.1277,0.4772,1.0,5.0,0.016,0.1875,0.5054,1.0,5.7333,no single dominant feature; multivariate behavioral shift
V0538,8,9,11,11,1.332,0.3089,0.1333,0.2222,0.1943,0.7487,-0.172,0.0,-0.4622,0.0174,0.2888,0.3838,1.0,5.6364,0.0158,0.3476,0.3558,1.0,5.0909,no single dominant feature; multivariate behavioral shift
V0539,8,9,8,10,4.5109,0.1161,0.0667,0.3562,0.1216,0.0893,-0.1952,-1.0,-0.083,0.0128,0.119,0.5389,1.0,5.625,0.014,0.1042,0.5293,0.9,4.8,no single dominant feature; multivariate behavioral shift
V0540,9,9,12,9,0.9844,0.1519,0.1111,0.1682,-0.2934,0.4626,0.2404,0.0,0.1499,0.018,0.1746,0.5179,0.9167,5.0833,0.012,0.2095,0.479,1.0,5.4444,no single dominant feature; multivariate behavioral shift
V0541,6,7,10,10,4.7569,0.3631,0.2286,0.4077,-0.4647,1.2143,-0.3011,-1.0,0.0123,0.0219,0.2375,0.4893,1.0,4.5,0.0195,0.3625,0.4509,0.9,4.3,no single dominant feature; multivariate behavioral shift
V0542,6,6,7,9,5.1291,0.4557,0.1667,0.4145,0.5525,0.0,0.1657,-1.1111,0.8176,0.0149,0.0,0.5791,1.0,5.1429,0.0184,0.0,0.5378,0.8889,5.3333,no single dominant feature; multivariate behavioral shift
V0543,7,7,7,7,0.4538,0.0,0.0,0.0554,-0.0816,-0.0785,0.1767,0.0,0.1285,0.0135,0.2527,0.5068,1.0,4.8571,0.0125,0.1758,0.631,1.0,6.4286,no single dominant feature; multivariate behavioral shift
V0544,6,7,8,8,0.6822,0.5328,0.1714,0.1824,-0.1457,-0.2679,-0.3204,0.0,0.3372,0.0177,0.0982,0.6071,1.0,5.25,0.0128,0.0268,0.5818,1.0,6.25,no single dominant feature; multivariate behavioral shift
V0545,7,7,7,10,1.8553,0.41,0.2,0.284,0.424,0.0578,-0.1876,0.0,0.7015,0.0125,0.1312,0.5077,1.0,4.8571,0.0169,0.1066,0.6599,1.0,5.3,no single dominant feature; multivariate behavioral shift
V0546,7,7,8,12,7.2922,0.5435,0.3143,0.5118,0.6184,1.7619,-0.6851,0.0,-1.1123,0.0154,0.1286,0.6615,1.0,5.625,0.0203,0.4333,0.3182,1.0,4.0833,win rate increased (1.8 robust deviations)
V0547,12,13,23,25,0.8503,0.6602,0.0923,0.2216,-0.1856,0.1843,0.3217,-0.4,0.7554,0.0245,0.1724,0.4732,0.9565,4.8261,0.0234,0.1613,0.5052,0.96,5.56,no single dominant feature; multivariate behavioral shift
V0548,7,7,9,10,0.6758,0.027,0.0,0.0837,0.3652,0.235,0.1472,0.0,0.0,0.0165,0.2175,0.5181,0.8889,4.8889,0.017,0.2039,0.6154,1.0,5.0,no single dominant feature; multivariate behavioral shift
V0549,7,8,11,12,1.1389,0.2334,0.1,0.1807,-0.2728,0.1001,-0.3248,-1.6667,0.281,0.0204,0.0895,0.5818,0.9091,4.8182,0.019,0.0845,0.5278,0.8333,5.4167,market breadth decreased (1.7 robust deviations)
V0550,5,6,7,7,6.4576,0.332,0.2,0.4191,0.1385,-0.0785,-0.1113,-1.4286,1.3875,0.0178,0.2527,0.4512,1.0,3.4286,0.0147,0.1758,0.534,0.8571,4.5714,no single dominant feature; multivariate behavioral shift
